city,state,year,subdivision,amount
Abilene,TX,2018,Police,15000000
Abilene,TX,2018,Fire,12000000
Abilene,TX,2022,General Government,6053747
Abilene,TX,2022,Human Resources,1862605
Abilene,TX,2022,Finance,3623970
Abilene,TX,2022,Planning & Development Services,2946348
Abilene,TX,2022,Public Works,9022431
Abilene,TX,2022,Information Technology,2312984
Abilene,TX,2022,Police,33285195
Abilene,TX,2022,Fire,25488073
Amarillo,TX,2022,Police,15000000
Amarillo,TX,2022,Fire,12000000
Amarillo,TX,2022,Animal Management & Welfare,1350000
Amarillo,TX,2022,Emergency Management Services,537377
Amarillo,TX,2022,Municipal Court,526893
Amarillo,TX,2022,Judicial,526893
Amarillo,TX,2022,Mayor & City Council,83496
Amarillo,TX,2022,City Manager,1515094
Amarillo,TX,2022,City Attorney,1344653
Amarillo,TX,2022,City Secretary,415130
Amarillo,TX,2022,Public Communications,588868
Amarillo,TX,2022,Human Resources,1070606
Amarillo,TX,2022,Risk Management,354999
Amarillo,TX,2022,Radio Communications,895825
Amarillo,TX,2022,Civic Center Administration,604425
Amarillo,TX,2022,Civic Center Operations,2142960
Amarillo,TX,2022,Civic Center Sports,370140
Amarillo,TX,2022,Civic Center Box Office,381000
Amarillo,TX,2024,Police,15000000
Amarillo,TX,2024,Fire,12000000
Amarillo,TX,2024,Animal Management & Welfare,1710000
Amarillo,TX,2024,Emergency Management Services,1232000
Amarillo,TX,2024,Municipal Court,1305000
Amarillo,TX,2024,City Manager,1020000
Amarillo,TX,2024,City Attorney,1210000
Amarillo,TX,2024,City Secretary,1220000
Amarillo,TX,2024,Finance,1315000
Amarillo,TX,2025,Police,15000000
Amarillo,TX,2025,City Marshal,147000
Amarillo,TX,2025,Fire,12000000
Amarillo,TX,2025,Animal Management & Welfare,171000
Amarillo,TX,2025,Amarillo Emergency Communications Center,181000
Amarillo,TX,2025,Emergency Management Services,189000
Antonio Tx,SAN,2022,Park Police,578776
Antonio Tx,SAN,2022,City Attorney,10244011
Antonio Tx,SAN,2022,Public Works,103686129
Antonio Tx,SAN,2022,Finance,1181123
Antonio Tx,SAN,2022,Alamo Area Council of Governments,104476
Austin,TX,2018,Animal Services,10234872
Austin,TX,2018,Austin Public Health,5065628
Austin,TX,2019,Police,37000000
Austin,TX,2019,Fire,22000000
Austin,TX,2019,Emergency Medical Services,1390000
Austin,TX,2019,Parks and Recreation,12800000
Austin,TX,2019,Neighborhood Housing and Community Development,16600000
Austin,TX,2019,Planning and Zoning,117000
Austin,TX,2019,Office of Homeland Security and Emergency Management,1800000
Austin,TX,2019,Office of the Medical Director,1800000
Austin,TX,2019,Office of the Police Monitor,562000
Austin,TX,2019,Law,480000
Austin,TX,2019,Building Services,2700000
Austin,TX,2020,Neighborhood Housing,27700000
Austin,TX,2020,Police,15000000
Austin,TX,2020,Public Works,34300000
Austin,TX,2020,Parks and Recreation,32800000
Austin,TX,2020,Fire,12000000
Austin,TX,2020,Planning and Zoning,33300000
Austin,TX,2020,Small and Minority Business Resources,34800000
Austin,TX,2020,Telecommunications and Regulatory Affairs,35100000
Austin,TX,2020,Watershed Protection,35400000
Az,NOGALES,2021,Mayor,157408
Az,NOGALES,2021,Parks,2289216
Az,PHOENIX,2021,City Manager's Office,13741388
Az,PHOENIX,2021,Neighborhood Protection,28335879
Az,PHOENIX,2021,Public Safety Enhancement,16736001
Az,PHOENIX,2021,Public Safety Expansion,65734593
Az,PHOENIX,2021,Libraries,955000
Brownsville,TX,2018,Police,34481302
Brownsville,TX,2018,Fire,20677953
Brownsville,TX,2019,General Government,18825014
Brownsville,TX,2019,Public Safety,60144808
Brownsville,TX,2019,Public Works,13986066
Brownsville,TX,2019,Sanitation,5393538
Brownsville,TX,2019,Public Health,2256838
Brownsville,TX,2019,Housing Assistance Programs,1220577
Brownsville,TX,2019,Public Assistance,447754
Brownsville,TX,2019,Culture & Recreation,13354955
Brownsville,TX,2019,Economic Development,85000
Brownsville,TX,2020,General Government,21046097
Brownsville,TX,2020,Public Safety,63456841
Brownsville,TX,2020,Public Works,11661142
Brownsville,TX,2020,Sanitation,357752
Brownsville,TX,2020,Public Health,2227535
Brownsville,TX,2020,Housing Assistance Programs,915355
Brownsville,TX,2020,Public Assistance,453772
Brownsville,TX,2020,Culture & Recreation,11275071
Brownsville,TX,2020,Parks & Recreation,154433
Brownsville,TX,2020,Economic Development,170000
Brownsville,TX,2023,Police,32100000
Brownsville,TX,2023,Fire,22400000
Brownsville,TX,2023,General Government,29800000
Brownsville,TX,2023,Public Works,7100000
Brownsville,TX,2023,Culture and Recreation,10200000
Brownsville,TX,2023,Public Health,2400000
Brownsville,TX,2023,Economic Development,500000
Brownsville,TX,2023,Sanitation,200000
College Station,TX,2022,Police,15000000
College Station,TX,2022,Fire,12000000
College Station,TX,2022,Public Works,735000
College Station,TX,2022,Parks,293000
College Station,TX,2022,Information Technology,295000
Corpus Christi,TX,2018,Mayor,0
Corpus Christi,TX,2018,City Council,0
Corpus Christi,TX,2018,City Attorney,0
Corpus Christi,TX,2018,City Auditor,0
Corpus Christi,TX,2018,City Manager,0
Corpus Christi,TX,2018,Intergovernmental Relations,0
Corpus Christi,TX,2018,Communications,0
Corpus Christi,TX,2018,City Secretary,0
Corpus Christi,TX,2018,Finance,0
Corpus Christi,TX,2018,Office of Management & Budget,0
Corpus Christi,TX,2018,Human Relations,0
Corpus Christi,TX,2018,Human Resources,0
Corpus Christi,TX,2018,Municipal Court Judicial,0
Corpus Christi,TX,2018,Municipal Court Administration,0
Corpus Christi,TX,2018,Fire,12000000
Corpus Christi,TX,2018,Police,15000000
Corpus Christi,TX,2018,Health,0
Corpus Christi,TX,2018,Animal Care Services,150000
Corpus Christi,TX,2018,Libraries,0
Corpus Christi,TX,2018,Parks & Recreation,0
Corpus Christi,TX,2018,Solid Waste,0
Corpus Christi,TX,2018,Code Enforcement,0
Corpus Christi,TX,2018,Housing & Community Development,0
Corpus Christi,TX,2018,Non-Departmental,0
Corpus Christi,TX,2020,Animal Care,2000000
Corpus Christi,TX,2020,City Auditor,800000
Corpus Christi,TX,2020,City Council,1200000
Corpus Christi,TX,2020,City Manager,1500000
Corpus Christi,TX,2020,City Secretary,600000
Corpus Christi,TX,2020,Code Enforcement,1500000
Corpus Christi,TX,2020,Communication,1000000
Corpus Christi,TX,2020,Comprehensive Planning,1200000
Corpus Christi,TX,2020,Finance,2000000
Corpus Christi,TX,2020,Fire,12000000
Corpus Christi,TX,2020,Health District,3800000
Corpus Christi,TX,2020,Housing & Community Development,1500000
Corpus Christi,TX,2020,Human Resources,1500000
Corpus Christi,TX,2020,Intergovernmental Relations,500000
Corpus Christi,TX,2020,Legal,1000000
Corpus Christi,TX,2020,Library,3000000
Corpus Christi,TX,2020,Police,15000000
Corpus Christi,TX,2023,Police,21100000
Corpus Christi,TX,2023,Fire,10700000
Corpus Christi,TX,2023,Health Department,6800000
Corpus Christi,TX,2023,Library,5000000
Corpus Christi,TX,2023,Parks and Recreation,2000000
Corpus Christi,TX,2023,Solid Waste,10000000
Dallas,TX,2019,Building Services,0
Dallas,TX,2019,City Attorney,0
Dallas,TX,2019,City Auditor,0
Dallas,TX,2019,City Controller,0
Dallas,TX,2019,City Manager,0
Dallas,TX,2019,City Secretary,0
Dallas,TX,2019,Civil Service,0
Dallas,TX,2019,Code Compliance,0
Dallas,TX,2019,Court and Detention Services,0
Dallas,TX,2019,Dallas Animal Services,0
Dallas,TX,2019,Dallas Fire-Rescue,0
Dallas,TX,2019,Dallas Police,0
Dallas,TX,2019,Housing and Neighborhood Revitalization,0
Dallas,TX,2019,Human Resources,0
Dallas,TX,2019,Judiciary,0
Dallas,TX,2019,Library,0
Dallas,TX,2019,Management Services,0
Dallas,TX,2019,311 Customer Service Center,0
Dallas,TX,2019,Business Diversity,0
Dallas,TX,2019,City Agenda Process,0
Dallas,TX,2019,Community Care,0
Dallas,TX,2019,Emergency Management Operations,0
Dallas,TX,2019,Environmental Quality and Sustainability,0
Dallas,TX,2019,Equity and Human Rights Compliance,0
Dallas,TX,2019,Homeless Solutions,0
Dallas,TX,2019,Office of Innovation,0
Dallas,TX,2019,Public Affairs and Outreach,0
Dallas,TX,2019,Strategic Partnerships and Government Affairs,0
Dallas,TX,2019,Welcoming Communities and Immigrant Affairs,0
Dallas,TX,2021,Budget and Management Services,4172709
Dallas,TX,2021,Building Services,23397410
Dallas,TX,2021,City Attorney,16978300
Dallas,TX,2021,City Auditor,3123860
Dallas,TX,2021,City Controller,8950003
Dallas,TX,2021,City Manager,2918134
Dallas,TX,2021,City Secretary,3992923
Dallas,TX,2021,Civil Service,2946744
Dallas,TX,2021,Code Compliance,32209414
Dallas,TX,2021,Court and Detention Services,33358712
Dallas,TX,2021,Dallas Animal Services,15314969
Dallas,TX,2021,Dallas Fire-Rescue,315544933
Dallas,TX,2021,Dallas Police,513535030
Dallas,TX,2021,Housing and Neighborhood Revitalization,3587062
Dallas,TX,2021,Human Resources,6055192
Dallas,TX,2021,Judiciary,3663199
Dallas,TX,2021,Library,32074999
Dallas,TX,2021,Management Services,41122091
Dallas,TX,2021,311 Customer Services,4639768
Dallas,TX,2021,"Communications, Outreach, and Marketing",2295750
Dallas,TX,2021,Emergency Management Operations,1152959
Dallas,TX,2021,Office of Community Care,8415504
Dallas,TX,2021,Office of Community Police Oversight,545133
Dallas,TX,2021,Office of Environmental Quality,4247434
Dallas,TX,2021,Office of Equity and Inclusion,2401046
Dallas,TX,2022,Budget & Management Services,4617176
Dallas,TX,2022,Building Services,25026639
Dallas,TX,2022,City Attorney's Office,18218496
Dallas,TX,2022,City Auditor's Office,3110490
Dallas,TX,2022,City Controller's Office,8963742
Dallas,TX,2022,City Manager's Office,2995569
Dallas,TX,2022,City Secretary's Office,5019328
Dallas,TX,2022,Civil Service,3082021
Dallas,TX,2022,Code Compliance,35575778
Dallas,TX,2022,Court & Detention Services,33969578
Dallas,TX,2022,Dallas Animal Services,16440169
Dallas,TX,2022,Dallas Fire-Rescue,353802506
Dallas,TX,2022,Dallas Police Department,594258289
Dallas,TX,2022,Data Analytics & Business Intelligence,4416867
Dallas,TX,2022,Development Services,0
Dallas,TX,2022,Housing & Neighborhood Revitalization,3888407
Dallas,TX,2022,Human Resources,7286903
Dallas,TX,2022,Judiciary,3764214
Dallas,TX,2022,Library,33746743
Dallas,TX,2023,Budget & Management Services,4277919
Dallas,TX,2023,Building Services,30390891
Dallas,TX,2023,City Attorney's Office,20971242
Dallas,TX,2023,City Auditor's Office,3163255
Dallas,TX,2023,City Controller's Office,9322559
Dallas,TX,2023,City Manager's Office,3205072
Dallas,TX,2023,City Secretary's Office,5164349
Dallas,TX,2023,Civil Service,3064698
Dallas,TX,2023,Code Compliance,41342433
Dallas,TX,2023,Court & Detention Services,35268345
Dallas,TX,2023,Dallas Animal Services,17725448
Dallas,TX,2023,Dallas Fire-Rescue,369069665
Dallas,TX,2023,Dallas Police Department,611908283
Dallas,TX,2023,Data Analytics & Business Intelligence,5281114
Dallas,TX,2023,Housing & Neighborhood Revitalization,4639881
Dallas,TX,2023,Human Resources,8140152
Dallas,TX,2023,Judiciary,4273646
Dallas,TX,2023,Library,37544060
Dallas,TX,2023,Office Homeless Solutions,15197632
Dallas,TX,2023,Office of Community Care,9365486
Dallas,TX,2023,Office of Community Police Oversight,811382
Dallas,TX,2023,Office of Emergency Management,1344664
Dallas,TX,2023,Office of Environmental Quality and Sustainability,6898850
Dallas,TX,2023,Office of Equity and Inclusion,3809929
Dallas,TX,2023,Office of Government Affairs,956162
Dallas,TX,2023,Office of Historic Preservation,1341076
Dallas,TX,2024,Budget & Management Services,4420110
Dallas,TX,2024,Building Services,31078791
Dallas,TX,2024,City Attorney's Office,23799058
Dallas,TX,2024,City Auditor's Office,3266138
Dallas,TX,2024,City Controller's Office,9929501
Dallas,TX,2024,City Manager's Office,3389700
Dallas,TX,2024,City Marshal's Office,30500706
Dallas,TX,2024,City Secretary's Office,5455680
Dallas,TX,2024,Civil Service,2762162
Dallas,TX,2024,Code Compliance,45562455
Dallas,TX,2024,Dallas Municipal Court,8370958
Dallas,TX,2024,Dallas Animal Services,19180051
Dallas,TX,2024,Dallas Fire-Rescue,413381222
Dallas,TX,2024,Dallas Police Department,656936353
Dallas,TX,2024,Data Analytics & Business Intelligence,6108162
Dallas,TX,2024,Housing & Neighborhood Revitalization,6920100
Dallas,TX,2024,Human Resources,9186760
Dallas,TX,2024,Judiciary,4397241
Dallas,TX,2024,Library,43489755
Dallas,TX,2024,Management Services,6331204
Dallas,TX,2024,Office of Community Care,10114699
Dallas,TX,2024,Office of Community Police Oversight,784565
Dallas,TX,2024,Office of Emergency Management,1251963
Dallas,TX,2024,Office of Environmental Quality & Sustainability,6244743
Dallas,TX,2024,Office of Equity & Inclusion,3785554
Dallas,TX,2024,Office of Government Affairs,1112725
Dallas,TX,2024,Office of Homeless Solutions,17850149
Dallas,TX,2024,Office of Integrated Public Safety Solutions,5822887
Dallas,TX,2024,Small Business Center,4354640
Dallas,TX,2024,Mayor & Council,7399447
Dallas,TX,2024,Non-Departmental,133717548
Dallas,TX,2024,Office of Arts & Culture,23180773
Dallas,TX,2024,Office of Economic Development,3679042
Dallas,TX,2024,Park & Recreation,120076933
Dallas,TX,2024,Planning & Urban Design,8024033
Dallas,TX,2024,Procurement Services,3500823
Dallas,TX,2024,Public Works,88552090
Dallas,TX,2024,Transportation,59125541
El Paso,TX,2018,Animal Services,140500
El Paso,TX,2018,City Attorney,61300
El Paso,TX,2018,City Manager,45540
El Paso,TX,2018,Community and Human Development,35450
El Paso,TX,2018,Economic Development,3000
El Paso,TX,2018,Fire,59270
El Paso,TX,2018,Human Resources,15700
El Paso,TX,2018,Information Technology,0
El Paso,TX,2018,Library,300
El Paso,TX,2018,Mayor and Council,0
El Paso,TX,2018,Municipal Clerk,210
El Paso,TX,2018,Museums and Cultural Affairs,18060
El Paso,TX,2018,Non-Departmental,0
El Paso,TX,2018,Office of the Comptroller,270
El Paso,TX,2018,Parks and Recreation,1285
El Paso,TX,2018,Planning and Inspections,1500
El Paso,TX,2018,Police,85500
El Paso,TX,2018,Public Health,21043
El Paso,TX,2018,Purchasing and Strategic Sourcing,6000
El Paso,TX,2018,Streets and Maintenance,14950
El Paso,TX,2018,Zoo,1975
El Paso,TX,2019,Public Safety,257815741
El Paso,TX,2019,Economic Development,1963563
El Paso,TX,2019,Visual Image,7857127
El Paso,TX,2019,Quality of Life,45396094
El Paso,TX,2019,Communication,12106792
El Paso,TX,2019,Sound Governance,46446835
El Paso,TX,2019,Infrastructure,49802126
El Paso,TX,2019,Healthy Community,7209521
El Paso,TX,2022,City Attorney,4593071
El Paso,TX,2022,City Clerk,778110
El Paso,TX,2022,City Manager,3785324
El Paso,TX,2022,Community and Human Development,945421
El Paso,TX,2022,Economic Development,1961689
El Paso,TX,2022,Fire,123215321
El Paso,TX,2022,Human Resources,2577080
El Paso,TX,2022,Information Technology,20446605
El Paso,TX,2022,Parks and Recreation,534970
El Paso,TX,2022,Police,146260000
El Paso,TX,2022,Public Health,7518000
El Paso,TX,2022,Streets and Maintenance,295300
El Paso,TX,2023,Fire,50255000
El Paso,TX,2023,Police,143530000
El Paso,TX,2023,Parks and Recreation,54987000
El Paso,TX,2023,Library,16700000
El Paso,TX,2023,Municipal Court,9490000
El Paso,TX,2023,Community and Human Development,15920000
El Paso,TX,2023,Economic Development,27990000
El Paso,TX,2023,Environmental Services,330000
El Paso,TX,2023,City Manager,3857000
El Paso,TX,2023,City Attorney,4200000
El Paso,TX,2023,Human Resources,3233000
El Paso,TX,2023,Information Technology,9075000
El Paso,TX,2023,Planning and Inspections,12600000
El Paso,TX,2023,Streets and Maintenance,30270000
El Paso,TX,2023,Animal Services,14350000
El Paso,TX,2023,Museum and Cultural Affairs,4091000
El Paso,TX,2023,Office of the Comptroller,3595000
El Paso,TX,2023,Purchasing and Strategic Sourcing,2300000
El Paso,TX,2023,International Bridges,50000
El Paso,TX,2023,Aviation,300000
Flagstaff,AZ,2020,City Manager,10813694
Flagstaff,AZ,2020,Human Resources,4186605
Flagstaff,AZ,2020,Risk Management,0
Flagstaff,AZ,2020,City Attorney,0
Flagstaff,AZ,2020,Municipal Court,0
Flagstaff,AZ,2020,Management Services,7807177
Flagstaff,AZ,2020,Revenue,0
Flagstaff,AZ,2020,Purchasing,0
Flagstaff,AZ,2020,Finance,0
Flagstaff,AZ,2020,Information Technology,0
Flagstaff,AZ,2020,Community Development,5774316
Flagstaff,AZ,2020,Public Works,12737356
Flagstaff,AZ,2020,Fire,19123206
Flagstaff,AZ,2020,Police,25165928
Flagstaff,AZ,2020,Parks,0
Flagstaff,AZ,2020,Fleet Services,0
Flagstaff,AZ,2020,Cemetery,0
Flagstaff,AZ,2020,Facilities Maintenance,0
Flagstaff,AZ,2020,USGS Campus,0
Flagstaff,AZ,2020,Recreation Services,0
Flagstaff,AZ,2020,Economic Vitality,223614
Flagstaff,AZ,2020,Non-Departmental,919841
Flagstaff,AZ,2021,General Administration,12256688
Flagstaff,AZ,2021,Management Services,4596113
Flagstaff,AZ,2021,Fire,20263632
Flagstaff,AZ,2021,Police,25655337
Flagstaff,AZ,2021,Community Development,6030172
Flagstaff,AZ,2021,Public Works,11618249
Flagstaff,AZ,2021,Economic Vitality,107265
Flagstaff,AZ,2021,Non-Departmental,-365457
Flagstaff,AZ,2021,Contingency,1527750
Galveston,TX,2020,Police,15000000
Galveston,TX,2020,Fire,12000000
Galveston,TX,2020,Emergency Management,760000
Galveston,TX,2020,Emergency Medical Service,790000
Galveston,TX,2020,City Marshal,800000
Galveston,TX,2020,Public Works,8500000
Galveston,TX,2020,Parks and Recreation,3000000
Galveston,TX,2020,Developmental Services,1500000
Galveston,TX,2020,Code Enforcement,600000
Galveston,TX,2020,Building Inspection,500000
Galveston,TX,2020,City Secretary,544646
Galveston,TX,2020,Elections,58500
Galveston,TX,2020,Municipal Court,500000
Galveston,TX,2020,City Manager,696989
Galveston,TX,2020,City Auditor,278551
Galveston,TX,2020,City Attorney,833109
Galveston,TX,2020,Human Resources,560117
Galveston,TX,2020,Finance,1620769
Galveston,TX,2020,Transportation,500000
Galveston,TX,2021,Police,15000000
Galveston,TX,2021,Fire,12000000
Galveston,TX,2021,Emergency Management,5000000
Galveston,TX,2021,Emergency Medical Service,3000000
Galveston,TX,2021,City Marshal,2000000
Galveston,TX,2021,Public Works,8000000
Galveston,TX,2021,Street,4000000
Galveston,TX,2021,Traffic,3000000
Galveston,TX,2021,Parks and Recreation,6000000
Galveston,TX,2021,Administration,5000000
Galveston,TX,2021,Parks and Parkways,2000000
Galveston,TX,2021,Developmental Services,3000000
Galveston,TX,2021,City Secretary,600000
Galveston,TX,2021,Elections,70000
Galveston,TX,2021,Municipal Court,300000
Galveston,TX,2021,City Manager,700000
Galveston,TX,2021,City Auditor,300000
Galveston,TX,2021,City Attorney,800000
Galveston,TX,2021,Human Resources,600000
Galveston,TX,2021,Finance,1600000
Galveston,TX,2021,Taxation,300000
Galveston,TX,2021,Facility Maintenance Services,500000
Galveston,TX,2022,Police,15000000
Galveston,TX,2022,Fire,12000000
Galveston,TX,2022,Emergency Management,500000
Galveston,TX,2022,Emergency Medical Service,3000000
Galveston,TX,2022,City Marshal,1000000
Galveston,TX,2022,Public Works,6000000
Galveston,TX,2022,Parks and Recreation,4000000
Galveston,TX,2022,Administration,600000
Galveston,TX,2022,Finance,2000000
Galveston,TX,2022,Human Resources,600000
Galveston,TX,2022,City Secretary,600000
Galveston,TX,2022,City Manager,700000
Galveston,TX,2022,City Attorney,900000
Galveston,TX,2022,City Auditor,400000
Galveston,TX,2022,Municipal Court,300000
Galveston,TX,2023,Police,15000000
Galveston,TX,2023,Fire,12000000
Galveston,TX,2023,Emergency Management,5000000
Galveston,TX,2023,Emergency Medical Service,3000000
Galveston,TX,2023,City Marshal,2000000
Galveston,TX,2023,Public Works,8000000
Galveston,TX,2023,Street,4000000
Galveston,TX,2023,Traffic,3000000
Galveston,TX,2023,Parks and Recreation,6000000
Galveston,TX,2023,Administration,5000000
Galveston,TX,2023,Parks and Parkways,2000000
Galveston,TX,2023,Developmental Services,3000000
Galveston,TX,2023,Building Inspection,1500000
Galveston,TX,2023,Planning and Development,2500000
Galveston,TX,2023,City Secretary,1000000
Galveston,TX,2023,Elections,500000
Galveston,TX,2023,Municipal Court,2000000
Galveston,TX,2023,City Manager,3000000
Galveston,TX,2023,City Auditor,1000000
Galveston,TX,2023,City Attorney,1500000
Galveston,TX,2023,Human Resources,2000000
Galveston,TX,2023,Finance,3000000
Galveston,TX,2023,Accounting,1500000
Galveston,TX,2023,Purchasing,1000000
Galveston,TX,2023,Budget,500000
Galveston,TX,2023,Taxation,500000
Galveston,TX,2023,Facility Maintenance,2000000
Galveston,TX,2023,Non-Departmental,1000000
Galveston,TX,2024,Police,15000000
Galveston,TX,2024,Fire,12000000
Galveston,TX,2024,Emergency Management,500000
Galveston,TX,2024,Emergency Medical Service,3000000
Galveston,TX,2024,City Marshal,1000000
Galveston,TX,2024,Public Works,8000000
Galveston,TX,2024,Parks and Recreation,4000000
Galveston,TX,2024,Administration,7000000
Galveston,TX,2024,Finance,2600000
Galveston,TX,2024,Human Resources,600000
Garland,TX,2018,Budget & Research,615179
Garland,TX,2018,Building Inspection,1550440
Garland,TX,2018,City Administration,1077709
Garland,TX,2018,City Attorney,2579447
Garland,TX,2018,City Council,266362
Garland,TX,2018,City Secretary,399416
Garland,TX,2018,Code Compliance,3082877
Garland,TX,2018,Economic Development,0
Garland,TX,2018,Engineering,1118067
Garland,TX,2018,Financial Services,1562086
Garland,TX,2018,Fire,31962705
Garland,TX,2018,Health,2990409
Garland,TX,2018,Human Resources,1830707
Garland,TX,2018,Internal Audit,558530
Garland,TX,2018,EWS - Disposal,4960359
Garland,TX,2018,Library,6068233
Garland,TX,2018,Municipal Court,2257983
Garland,TX,2018,Office of Emergency Management,227016
Garland,TX,2018,"Parks, Recreation and Cultural Arts",10826494
Garland,TX,2018,Planning and Community Development,1733513
Garland,TX,2018,Police,51991609
Garland,TX,2018,Public and Media Relations,640571
Garland,TX,2018,Purchasing,672910
Garland,TX,2018,Tax,848359
Garland,TX,2018,Transportation,2311043
Garland,TX,2018,Non-Departmental,6669667
Garland,TX,2019,Budget & Research,635534
Garland,TX,2019,Building Inspection,1447071
Garland,TX,2019,City Administration,1134290
Garland,TX,2019,City Attorney,2684574
Garland,TX,2019,City Council,194848
Garland,TX,2019,City Secretary,405397
Garland,TX,2019,Code Compliance,3406167
Garland,TX,2019,Engineering,1215816
Garland,TX,2019,Financial Services,1564803
Garland,TX,2019,Fire,34047761
Garland,TX,2019,Health,2972026
Garland,TX,2019,Human Resources,1941456
Garland,TX,2019,Internal Audit,549598
Garland,TX,2019,EWS - Disposal,5170640
Garland,TX,2019,Library,6297231
Garland,TX,2019,Municipal Court,2278837
Garland,TX,2019,Office of Emergency Management,287914
Garland,TX,2019,"Parks, Recreation and Cultural Arts",11473369
Garland,TX,2019,Planning and Community Development,1669929
Garland,TX,2019,Police,55582642
Garland,TX,2019,Public and Media Relations,748652
Garland,TX,2019,Purchasing,742445
Garland,TX,2019,Tax,915499
Garland,TX,2019,Transportation,2375898
Garland,TX,2019,Non-Departmental,6428399
Garland,TX,2021,Budget & Research,655305
Garland,TX,2021,Building Inspection,1454232
Garland,TX,2021,City Administration,1414728
Garland,TX,2021,Office of the City Attorney,3175876
Garland,TX,2021,City Council,148893
Garland,TX,2021,City Secretary's Office,639902
Garland,TX,2021,Code Compliance,3192231
Garland,TX,2021,Engineering,1419030
Garland,TX,2021,Financial Services,1527257
Garland,TX,2021,Fire,36509993
Garland,TX,2021,Health,3156265
Garland,TX,2021,Human Resources,1793087
Garland,TX,2021,Internal Audit,645913
Garland,TX,2021,Environmental Waste Services - Disposal,5680771
Garland,TX,2021,Library,6112030
Garland,TX,2021,Municipal Court,2345795
Garland,TX,2021,Emergency Management,282419
Garland,TX,2021,Office of Neighborhood Vitality,716424
Garland,TX,2021,Parks Recreation & Cultural Arts,11075660
Garland,TX,2021,Planning & Community Development,1150206
Garland,TX,2021,Police,60555352
Garland,TX,2021,Project Management Office,143665
Garland,TX,2021,Public & Media Relations,789984
Garland,TX,2021,Purchasing,870729
Garland,TX,2021,Tax Collection,879481
Garland,TX,2021,Transportation,2676983
Garland,TX,2022,Police,62318563
Garland,TX,2022,Fire,37154927
Garland,TX,2022,Library,6109788
Garland,TX,2022,Parks Recreation & Cultural Arts,12692687
Garland,TX,2022,Transportation,3175818
Garland,TX,2022,Emergency Management,658084
Garland,TX,2022,Code Compliance,3227089
Garland,TX,2022,Engineering,1395900
Garland,TX,2022,Health,3435903
Garland,TX,2022,Human Resources,1930617
Garland,TX,2022,Internal Audit,657308
Garland,TX,2022,Landfill,6060318
Garland,TX,2022,Municipal Court,2326702
Garland,TX,2022,Office of Neighborhood Vitality,971910
Garland,TX,2022,Planning & Development,1168412
Garland,TX,2022,City Administration,1564594
Garland,TX,2022,Office of the City Attorney,3479090
Garland,TX,2022,City Council,148893
Garland,TX,2022,City Secretary's Office,517059
Garland,TX,2022,Budget & Research,629647
Garland,TX,2022,Purchasing,912616
Garland,TX,2022,Tax Collection,886643
Garland,TX,2022,Public & Media Relations,797816
Garland,TX,2022,Customer Service,204855
Garland,TX,2022,Facilities Management,5163923
Garland,TX,2022,Support Services,18311568
Holbrook,AZ,2018,City Council,73410
Holbrook,AZ,2018,Administration,1191186
Holbrook,AZ,2018,Safety,76010
Holbrook,AZ,2018,Lodgers,172200
Holbrook,AZ,2018,Library,250827
Holbrook,AZ,2018,Parks and Recreation,508420
Holbrook,AZ,2018,Golf Course,218506
Holbrook,AZ,2018,Animal Control,90894
Holbrook,AZ,2018,Police,2146185
Holbrook,AZ,2018,Fire,170760
Holbrook,AZ,2018,Facilities,92851
Holbrook,AZ,2018,Fleet,150106
Holbrook,AZ,2018,Airport,120500
Holbrook,AZ,2018,Magistrate,63677
Holbrook,AZ,2018,Senior Center,83874
Holbrook,AZ,2022,City Council,10360
Holbrook,AZ,2022,Administration,367803
Holbrook,AZ,2022,Community Development,87867
Holbrook,AZ,2022,Library,218019
Holbrook,AZ,2022,"Cemetery, Parks and Recreation",225238
Holbrook,AZ,2022,Golf Course,178441
Holbrook,AZ,2022,Animal Control,94435
Holbrook,AZ,2022,Police,1029126
Holbrook,AZ,2022,Fire,5880
Holbrook,AZ,2022,"Airport, Facilities and Levies",87973
Holbrook,AZ,2022,Fleet Management,139751
Holbrook,AZ,2022,Magistrate,21590
Holbrook,AZ,2022,Senior Center,65149
Holbrook,AZ,2023,City Council,54031
Holbrook,AZ,2023,Administration,683051
Holbrook,AZ,2023,Community Development,0
Holbrook,AZ,2023,Library,298685
Holbrook,AZ,2023,"Cemetery, Parks, and Recreation",461927
Holbrook,AZ,2023,Golf Course,268683
Holbrook,AZ,2023,Animal Control,129841
Holbrook,AZ,2023,Police,2973756
Holbrook,AZ,2023,Fire,181876
Holbrook,AZ,2024,City Council,45322
Holbrook,AZ,2024,Administration,846952
Holbrook,AZ,2024,Community Development,0
Holbrook,AZ,2024,Library,315903
Holbrook,AZ,2024,"Cemetery, Parks, and Recreation",527268
Holbrook,AZ,2024,Golf Course,353157
Holbrook,AZ,2024,Animal Control,130312
Holbrook,AZ,2024,Police,2920358
Holbrook,AZ,2024,Fire,1420749
Houston,TX,2019,Administration and Regulatory Affairs,2000000
Houston,TX,2019,City Controller,800000
Houston,TX,2019,City Council,1400000
Houston,TX,2019,City Secretary,1800000
Houston,TX,2019,Finance,2200000
Houston,TX,2019,Fire,20000000
Houston,TX,2019,General Government,1000000
Houston,TX,2019,Housing and Community Development,2000000
Houston,TX,2019,Houston Emergency Center,8000000
Houston,TX,2019,Houston Health Department,24000000
Houston,TX,2019,Houston Information Technology Service,3000000
Houston,TX,2019,Houston Public Works,30000000
Houston,TX,2019,Human Resources,2000000
Houston,TX,2019,Legal,2000000
Houston,TX,2019,Library,14000000
Houston,TX,2019,Mayor's Office,4800000
Houston,TX,2019,Municipal Courts Department,10000000
Houston,TX,2019,Neighborhoods,2000000
Houston,TX,2019,Office of Business Opportunity,5400000
Houston,TX,2019,Parks and Recreation,26000000
Houston,TX,2019,Planning and Development,1400000
Houston,TX,2019,Police,16000000
Houston,TX,2019,Solid Waste Management,2000000
Houston,TX,2021,Fire,509950566
Houston,TX,2021,Houston Emergency Center,9616670
Houston,TX,2021,Municipal Courts,30047337
Houston,TX,2021,Police,930933665
Houston,TX,2021,General Services,44834271
Houston,TX,2021,Houston Public Works,27156737
Houston,TX,2021,Planning & Development,3447839
Houston,TX,2021,Solid Waste Management,88976159
Houston,TX,2021,Parks and Recreation,66224704
Houston,TX,2021,Administration and Regulatory Affairs,29592049
Houston,TX,2021,City Controller,8678222
Houston,TX,2021,City Council,10842573
Houston,TX,2021,City Secretary,1013001
Houston,TX,2021,Finance,18954735
Houston,TX,2021,Houston Information Technology Services,0
Houston,TX,2021,Human Resources,2529187
Houston,TX,2021,Legal,16059513
Houston,TX,2021,Mayor's Office,7576070
Houston,TX,2021,Office of Business Opportunity,3819998
Houston,TX,2022,Fire,535459419
Houston,TX,2022,Houston Emergency Center,9616670
Houston,TX,2022,Municipal Courts,29207387
Houston,TX,2022,Police,955813489
Houston,TX,2022,General Services,41904809
Houston,TX,2022,Houston Public Works,21999530
Houston,TX,2022,Planning & Development,3868057
Houston,TX,2022,Solid Waste Management,89362620
Houston,TX,2022,Parks and Recreation,67259607
Houston,TX,2022,Administration and Regulatory Affairs,30302274
Houston,TX,2022,City Controller,8548188
Houston,TX,2022,City Council,13604317
Houston,TX,2022,City Secretary,940649
Houston,TX,2022,Finance,19014284
Houston,TX,2022,Human Resources,3977505
Houston,TX,2022,Legal,16694613
Houston,TX,2022,Mayor's Office,7575657
Houston,TX,2022,Office of Business Opportunity,3946575
Houston,TX,2023,Fire,559069018
Houston,TX,2023,Houston Emergency Center,9819793
Houston,TX,2023,Municipal Courts,29958437
Houston,TX,2023,Police,988758210
Houston,TX,2023,General Services,42151068
Houston,TX,2023,Houston Public Works,22724768
Houston,TX,2023,Planning and Development,3925384
Houston,TX,2023,Solid Waste Management,95610939
Houston,TX,2023,Parks and Recreation,86629881
Houston,TX,2023,Administration and Regulatory Affairs,32407037
Houston,TX,2023,City Controller,8954843
Houston,TX,2023,City Council,13985308
Houston,TX,2023,City Secretary,914880
Houston,TX,2023,Finance,20834753
Houston,TX,2023,Human Resources,1500000
Houston,TX,2023,Legal,19980593
Houston,TX,2023,Mayor's Office,8159650
Houston,TX,2023,Office of Business Opportunity,5481522
Houston,TX,2024,Administration and Regulatory Affairs,6665
Houston,TX,2024,Finance,736
Houston,TX,2024,Houston Health Department,8957
Houston,TX,2024,Human Resources,1500
Houston,TX,2024,Office of Business Opportunity,874
Houston,TX,2024,Parks and Recreation,3992
Houston,TX,2024,Police,1671643
Houston,TX,2024,Solid Waste Management,807690
Irving,TX,2018,City Secretary,1234000
Irving,TX,2018,City Manager,1234000
Irving,TX,2018,Non-Departmental,1234000
Irving,TX,2018,Library,1234000
Irving,TX,2018,Planning and Community Development,1234000
Irving,TX,2018,City Attorney,1234000
Irving,TX,2018,Information Technology,1234000
Irving,TX,2018,Communications,1234000
Irving,TX,2018,Code Enforcement,1234000
Irving,TX,2023,Mayor and Council,100800
Irving,TX,2023,City Secretary,291173
Irving,TX,2023,City Manager,843717
Irving,TX,2023,Police,589284
Irving,TX,2023,Fire,272676
Irving,TX,2023,Parks and Recreation,343451
Irving,TX,2023,Financial Services,96204
Irving,TX,2023,Human Resources,190217
Irving,TX,2023,Inspections,269512
Irving,TX,2023,Library Services,33000
Kileen,TX,2018,City Manager,977937
Kileen,TX,2018,City Attorney,863985
Kileen,TX,2018,Finance,1412459
Kileen,TX,2018,Human Resources,1072945
Kileen,TX,2018,Planning & Development,2408770
Kileen,TX,2018,Police,29040580
Kileen,TX,2018,Fire,20677900
Kileen,TX,2018,Community Services,5434164
Kileen,TX,2018,Community Development,3449188
Kileen,TX,2018,Public Works,0
Kileen,TX,2018,City Manager,1556230
Kileen,TX,2018,City Auditor,1000000
Kileen,TX,2018,Municipal Court,2000000
Kileen,TX,2018,Communications,550000
Kileen,TX,2018,City Attorney,800000
Kileen,TX,2018,Finance,1556120
Kileen,TX,2018,Support Services,200000
Kileen,TX,2018,Cemetery,400000
Kileen,TX,2018,Senior Citizens,300000
Kileen,TX,2018,Community Development,2400000
Kileen,TX,2018,Public Works,5600000
Kileen,TX,2018,Planning & Development,2408770
Kileen,TX,2018,Police,15000000
Kileen,TX,2018,Fire,12000000
Kileen,TX,2019,Police,29821073
Kileen,TX,2019,Fire,21369423
Kileen,TX,2019,General Government,11572006
Kileen,TX,2019,Community Services,5726091
Kileen,TX,2019,Non-Departmental,5263503
Kileen,TX,2019,Public Works,4602044
Kileen,TX,2019,Community Development,3579590
Kileen,TX,2021,Police,32601597
Kileen,TX,2021,Fire,22098893
Kileen,TX,2021,Community Development,3972965
Kingman,AZ,2018,Office of the Mayor/Council,169455
Kingman,AZ,2018,City Attorney,755147
Kingman,AZ,2018,Magistrate,1661912
Kingman,AZ,2018,City Manager,306483
Kingman,AZ,2018,TDC,373543
Kingman,AZ,2018,Economic Development,319192
Kingman,AZ,2018,City Clerk,326165
Kingman,AZ,2018,Human Resources,636175
Kingman,AZ,2018,Risk Management,156910
Kingman,AZ,2018,Police,10378128
Kingman,AZ,2018,Fire,6899586
Kingman,AZ,2018,Finance,932756
Kingman,AZ,2018,Planning & Zoning,416941
Kingman,AZ,2018,Building Life and Safety,996503
Kingman,AZ,2018,"Parks, Rec, Pools, Golf",4274149
Kingman,AZ,2020,City Council,224150
Kingman,AZ,2020,City Administration,1843846
Kingman,AZ,2020,Court,1470608
Kingman,AZ,2020,Financial Services,1162600
Kingman,AZ,2020,Human Resources & Risk Mgmt,952853
Kingman,AZ,2020,Planning & Economic Development,1159718
Kingman,AZ,2020,Police,12958883
Kingman,AZ,2020,Fire,8808336
Kingman,AZ,2020,Building & Life Safety,1189732
Kingman,AZ,2020,Parks & Recreation,4766358
Kingman,AZ,2021,City Council,233823
Kingman,AZ,2021,City Admin,1670980
Kingman,AZ,2021,Court,1344549
Kingman,AZ,2021,Financial Services,1176037
Kingman,AZ,2021,Human Resources & Risk Mgmt,801509
Kingman,AZ,2021,Community Development,1410866
Kingman,AZ,2021,Economic Development,803486
Kingman,AZ,2021,Police,10970771
Kingman,AZ,2021,Fire,7599922
Kingman,AZ,2021,Parks and Recreation,4367122
Laredo,TX,2019,Police,72420062
Laredo,TX,2019,Fire,52826048
Laredo,TX,2019,Parks and Leisure,15155450
Laredo,TX,2020,Animal Care,1316104
Laredo,TX,2020,Budget,291091
Laredo,TX,2020,Building Development,1977666
Laredo,TX,2020,City Attorney,918360
Laredo,TX,2020,City Manager,1532678
Laredo,TX,2020,City Secretary,258086
Laredo,TX,2020,Community Development,297740
Laredo,TX,2020,Economic Development,154197
Laredo,TX,2020,Engineering,1475096
Laredo,TX,2020,Financial Services,1501143
Laredo,TX,2020,Fire,36577362
Laredo,TX,2020,Human Resources,664949
Laredo,TX,2020,Library,1837493
Laredo,TX,2020,Mayor & City Council,564086
Laredo,TX,2020,Municipal Court,1135180
Laredo,TX,2020,Parks,6363760
Laredo,TX,2020,Planning & Zoning,905784
Laredo,TX,2020,Police,46110653
Laredo,TX,2020,Public Works,4055454
Laredo,TX,2020,Tax,738653
Laredo,TX,2020,Traffic,1378930
Laredo,TX,2021,Animal Care Services,1361769
Laredo,TX,2021,Budget,291428
Laredo,TX,2021,Building Development Services,2063491
Laredo,TX,2021,City Attorney,784369
Laredo,TX,2021,City Manager,1491787
Laredo,TX,2021,City Secretary,402708
Laredo,TX,2021,Community Development,419249
Laredo,TX,2021,Economic Development,217319
Laredo,TX,2021,Engineering,1360110
Laredo,TX,2021,Financial Services,1530504
Laredo,TX,2021,Fire,38618899
Laredo,TX,2021,Human Resources,639374
Laredo,TX,2021,Library,1879633
Laredo,TX,2021,Mayor & City Council,532389
Laredo,TX,2021,Municipal Court,1128036
Laredo,TX,2021,Parks & Recreation Services,6159113
Laredo,TX,2021,Planning & Zoning,918861
Laredo,TX,2021,Police,47186861
Laredo,TX,2021,Public Works,3988118
Laredo,TX,2021,Tax,747718
Laredo,TX,2021,Traffic,1318828
Laredo,TX,2022,Animal Care Services,1422095
Laredo,TX,2022,Budget,299249
Laredo,TX,2022,Building Development Services,2195561
Laredo,TX,2022,City Attorney,794248
Laredo,TX,2022,City Manager,1826306
Laredo,TX,2022,City Secretary,414793
Laredo,TX,2022,Community Development,257335
Laredo,TX,2022,Economic Development,374664
Laredo,TX,2022,Engineering,1376744
Laredo,TX,2022,Financial Services,1509880
Laredo,TX,2022,Fire,40721379
Laredo,TX,2022,Human Resources,739129
Laredo,TX,2022,Library,1914245
Laredo,TX,2022,Mayor & City Council,539606
Laredo,TX,2022,Municipal Court,1260324
Laredo,TX,2022,Parks & Recreation Services,6797208
Laredo,TX,2022,Planning & Zoning,1033364
Laredo,TX,2022,Police,48600650
Laredo,TX,2022,Public Works,3818903
Laredo,TX,2022,Tax,770202
Laredo,TX,2022,Traffic,1319942
Laredo,TX,2023,Police,81068970
Laredo,TX,2023,Fire,69448241
Live Oak,TX,2023,City Council,245630
Live Oak,TX,2023,City Manager,302425
Live Oak,TX,2023,City Secretary,574325
Live Oak,TX,2023,Municipal Court,379505
Live Oak,TX,2023,Finance,833620
Live Oak,TX,2023,Emergency Management,16835
Live Oak,TX,2023,Police,5511803
Live Oak,TX,2023,Communication,920477
Live Oak,TX,2023,Fire,3468009
Live Oak,TX,2023,Public Works,1593615
Live Oak,TX,2023,Street Maintenance,780715
Live Oak,TX,2023,Animal Control,426725
Live Oak,TX,2023,Parks,759600
Live Oak,TX,2023,Recreation,311750
Live Oak,TX,2023,Planning,196685
Live Oak,TX,2023,Development,397570
Live Oak,TX,2023,Information Technology,516840
Lubbock,TX,2018,Administrative Services,15102397
Lubbock,TX,2018,Cultural & Recreation Services,16476774
Lubbock,TX,2018,Development Services,6007062
Lubbock,TX,2018,Public Works,25829008
Lubbock,TX,2018,Public Safety,124215007
Lubbock,TX,2018,Administrative Services,3486423
Lubbock,TX,2018,Cultural and Recreation Services,3486423
Lubbock,TX,2018,Public Safety and Health Services,3486423
Lubbock,TX,2018,Public Works,3486423
Lubbock,TX,2018,Cemetery,733054
Lubbock,TX,2018,Civic Centers,3486423
Lubbock,TX,2018,Transit,13339655
Lubbock,TX,2019,Administrative Services,15246004
Lubbock,TX,2019,Cultural & Recreation Services,16575996
Lubbock,TX,2019,Development Services,6415776
Lubbock,TX,2019,Public Works,24993204
Lubbock,TX,2019,Public Safety,129513586
Lubbock,TX,2019,City Attorney,2112887
Lubbock,TX,2019,City Council,621240
Lubbock,TX,2019,City Manager,1599596
Lubbock,TX,2019,City Secretary,1323600
Lubbock,TX,2019,Facilities Management,3460599
Lubbock,TX,2019,Finance,3003658
Lubbock,TX,2019,Human Resources,597430
Lubbock,TX,2019,Internal Audit,325491
Lubbock,TX,2019,Non Departmental,1539100
Lubbock,TX,2019,Communications and Marketing,662403
Lubbock,TX,2019,Library,3832133
Lubbock,TX,2019,Administrative Services,1190000
Lubbock,TX,2019,Cultural and Recreation Services,1410000
Lubbock,TX,2019,Public Safety and Health Services,1770000
Lubbock,TX,2019,Public Works,1870000
Lubbock,TX,2019,Transit,13644999
Lubbock,TX,2019,Cemetery,815471
Lubbock,TX,2019,Civic Centers,2778980
Lubbock,TX,2020,Administrative Services,16837803
Lubbock,TX,2020,Cultural and Recreation Services,16909077
Lubbock,TX,2020,Development Services,6580503
Lubbock,TX,2020,Public Works,28286665
Lubbock,TX,2020,Public Safety,135102520
Lubbock,TX,2021,Administrative Services,16602099
Lubbock,TX,2021,Cultural & Recreation Services,16751937
Lubbock,TX,2021,Development Services,7038311
Lubbock,TX,2021,Public Works,28908647
Lubbock,TX,2021,Public Safety,136066978
Lubbock,TX,2021,General Fund Other,25473881
Lubbock,TX,2022,Administrative Services,17650369
Lubbock,TX,2022,Cultural & Recreation Services,17002412
Lubbock,TX,2022,Development Services,7464290
Lubbock,TX,2022,Public Works,33351434
Lubbock,TX,2022,Public Safety,141575940
Lubbock,TX,2023,Administrative Services,19602600
Lubbock,TX,2023,Cultural & Recreation Services,18373948
Lubbock,TX,2023,Development Services,8227932
Lubbock,TX,2023,Public Works,38272489
Lubbock,TX,2023,Public Safety,159829782
Lubbock,TX,2023,General Fund Other,30996081
Lubbock,TX,2024,Administrative Services,20638880
Lubbock,TX,2024,Cultural & Recreation Services,19298722
Lubbock,TX,2024,Development Services,9399494
Lubbock,TX,2024,Public Works,37708525
Lubbock,TX,2024,Public Safety,170114126
Macllen,TX,2022,City Commission,383130
Macllen,TX,2022,City Manager,171880
Macllen,TX,2022,City Secretary,616032
Macllen,TX,2022,Audit Office,227663
Macllen,TX,2022,Municipal Court,1729395
Macllen,TX,2022,Finance,1744391
Macllen,TX,2022,Env/Health Code Compliance,225040
Macllen,TX,2022,Graffiti Cleaning,172773
Mckinney,TX,2018,General Government,27397133
Mckinney,TX,2018,Police,30743386
Mckinney,TX,2018,Fire,27374239
Mckinney,TX,2018,Development,10854013
Mckinney,TX,2018,Public Works,11965484
Mckinney,TX,2018,Parks & Library,12656683
Mckinney,TX,2018,Transfers,22004201
Mckinney,TX,2020,General Government,36746328
Mckinney,TX,2020,Police,36466827
Mckinney,TX,2020,Fire,30910261
Mckinney,TX,2020,Development,11960749
Mckinney,TX,2020,Public Works,12067065
Mckinney,TX,2020,Parks & Library,13463213
Mckinney,TX,2020,Transfers,13009245
Mckinney,TX,2021,General Government,37710682
Mckinney,TX,2021,Police,38138957
Mckinney,TX,2021,Fire,31626892
Mckinney,TX,2021,Development,12408277
Mckinney,TX,2021,Public Works,12496177
Mckinney,TX,2022,General Govt,35220158
Mckinney,TX,2022,Police,39889927
Mckinney,TX,2022,Fire,32537337
Mesquite,TX,2018,City Council,0
Mesquite,TX,2018,City Administration,0
Mesquite,TX,2018,City Secretary,0
Mesquite,TX,2018,City Attorney,0
Mesquite,TX,2018,Human Resources,0
Mesquite,TX,2018,Finance,0
Mesquite,TX,2018,Information Technology,0
Mesquite,TX,2018,Fire,26900000
Mesquite,TX,2018,Police,33800000
Mesquite,TX,2018,Housing and Community Services,0
Mesquite,TX,2018,Neighborhood Services,0
Mesquite,TX,2018,Planning and Development,0
Mesquite,TX,2018,Public Works,0
Mesquite,TX,2018,Library,0
Mesquite,TX,2018,Parks and Recreation,0
Mesquite,TX,2019,City Council,0
Mesquite,TX,2019,City Administration,0
Mesquite,TX,2019,City Secretary,0
Mesquite,TX,2019,City Attorney,0
Mesquite,TX,2019,Human Resources,0
Mesquite,TX,2019,Finance,0
Mesquite,TX,2019,Information Technology,0
Mesquite,TX,2019,Fire,28773210
Mesquite,TX,2019,Police,36475740
Mesquite,TX,2019,Housing and Community Services,1754630
Mesquite,TX,2019,Neighborhood Services,1390680
Mesquite,TX,2019,Library,2153840
Mesquite,TX,2019,Public Works,0
Mesquite,TX,2019,Parks and Recreation,0
Mesquite,TX,2019,Planning and Development,0
Mesquite,TX,2020,City Council,0
Mesquite,TX,2020,City Administration,0
Mesquite,TX,2020,City Secretary,0
Mesquite,TX,2020,City Attorney,0
Mesquite,TX,2020,Human Resources,0
Mesquite,TX,2020,Finance,0
Mesquite,TX,2020,Information Technology,0
Mesquite,TX,2020,Fire,12000000
Mesquite,TX,2020,Police,15000000
Mesquite,TX,2020,Housing and Community Services,2057760
Mesquite,TX,2020,Neighborhood Services,1489750
Mesquite,TX,2020,Library,2537310
Mesquite,TX,2020,Public Works,0
Mesquite,TX,2020,Parks and Recreation,0
Mesquite,TX,2020,Planning and Development Services,0
Mesquite,TX,2022,City Council,0
Mesquite,TX,2022,City Administration,0
Mesquite,TX,2022,City Secretary,0
Mesquite,TX,2022,City Attorney,0
Mesquite,TX,2022,Human Resources,0
Mesquite,TX,2022,Finance,0
Mesquite,TX,2022,Information Technology,0
Mesquite,TX,2022,Fire,12000000
Mesquite,TX,2022,Police,15000000
Mesquite,TX,2022,Housing and Community Services,0
Mesquite,TX,2022,Neighborhood Services,0
Mesquite,TX,2022,Planning and Development Services,0
Mesquite,TX,2022,Public Works,0
Mesquite,TX,2022,Library,0
Mesquite,TX,2022,Parks and Recreation,0
Mesquite,TX,2023,General Government,16348930
Mesquite,TX,2023,Housing and Community Services,2331740
Mesquite,TX,2023,Fire,36363930
Mesquite,TX,2023,Police,222371770
Mesquite,TX,2023,Parks and Recreation,868310
Mexia,TX,2019,City Council,31018
Mexia,TX,2019,Judicial,170876
Mexia,TX,2019,City Manager,209477
Mexia,TX,2019,Finance,758447
Mexia,TX,2019,City Hall/Civic Center,83939
Mexia,TX,2019,Police,2027795
Mexia,TX,2019,Animal Control,69218
Mexia,TX,2019,Fire,1911810
Mexia,TX,2019,Streets,819639
Mexia,TX,2019,Solid Waste Disposal,953000
Mexia,TX,2019,Cemetery,48500
Mexia,TX,2019,Parks,198720
Mexia,TX,2019,Swimming Pool,59241
Mexia,TX,2019,Building Inspection,150099
Mexia,TX,2020,City Council,24040
Mexia,TX,2020,Judicial,170390
Mexia,TX,2020,City Manager,246696
Mexia,TX,2020,Finance,728277
Mexia,TX,2020,City Hall/Civic Center,31835
Mexia,TX,2020,Police,2112575
Mexia,TX,2020,Animal Control,65265
Mexia,TX,2020,Fire,1930652
Mexia,TX,2020,Streets,861149
Mexia,TX,2020,Solid Waste Disposal,953000
Mexia,TX,2020,Cemetery,50000
Mexia,TX,2020,Parks,209491
Mexia,TX,2020,Swimming Pool,0
Mexia,TX,2020,Building Inspection,123347
Mexia,TX,2021,City Council,25700
Mexia,TX,2021,Judicial,184365
Mexia,TX,2021,City Manager,296247
Mexia,TX,2021,Finance,1122672
Mexia,TX,2021,City Hall/Civic Center,31541
Mexia,TX,2021,Police,1647107
Mexia,TX,2021,Animal Control,65596
Mexia,TX,2021,Fire,1984937
Mexia,TX,2021,Streets,916172
Mexia,TX,2021,Solid Waste Disposal,953000
Mexia,TX,2021,Cemetery,81000
Mexia,TX,2021,Parks,203790
Mexia,TX,2021,Swimming Pool,0
Mexia,TX,2021,Building Inspection,145746
Mexia,TX,2022,City Council,26000
Mexia,TX,2022,Judicial,187156
Mexia,TX,2022,City Manager,312377
Mexia,TX,2022,Finance,1178089
Mexia,TX,2022,City Hall,30812
Mexia,TX,2022,Police,1869190
Mexia,TX,2022,Animal Protection,67407
Mexia,TX,2022,Fire,2115360
Mexia,TX,2022,Streets,910661
Mexia,TX,2022,Solid Waste Disposal,953000
Mexia,TX,2022,Cemetery,83000
Mexia,TX,2022,Parks,326854
Mexia,TX,2022,Swimming Pool,0
Mexia,TX,2022,Building Inspection,146690
Mexia,TX,2023,City Council,26000
Mexia,TX,2023,Judicial,205817
Mexia,TX,2023,City Manager,320730
Mexia,TX,2023,Finance,1092861
Mexia,TX,2023,City Hall/Convention Center,41061
Mexia,TX,2023,Police,1853105
Mexia,TX,2023,Animal Protection,75275
Mexia,TX,2023,Fire,2228449
Mexia,TX,2023,Streets,1024219
Mexia,TX,2023,Solid Waste Disposal,953000
Mexia,TX,2023,Cemetery,86000
Mexia,TX,2023,Parks,305099
Mexia,TX,2023,Building Inspection,163985
Midland,TX,2019,Legislative,47421
Midland,TX,2019,City Manager,1580696
Midland,TX,2019,Municipal Court,2211488
Midland,TX,2019,Legal,1161625
Midland,TX,2019,City Secretary,443310
Midland,TX,2019,Administrative Services,1390362
Midland,TX,2019,CISD,9330608
Midland,TX,2019,Finance,2271221
Midland,TX,2019,General Services,4722858
Midland,TX,2019,Development Services,4132035
Midland,TX,2019,Engineering,22418517
Midland,TX,2019,Community Services,14045408
Midland,TX,2019,Police,28958468
Midland,TX,2019,Fire,28708656
Midland,TX,2019,Non-Departmental,6573238
Midland,TX,2020,Legislative,48755
Midland,TX,2020,City Manager,1581305
Midland,TX,2020,Municipal Court,2373867
Midland,TX,2020,Legal,1249513
Midland,TX,2020,City Secretary,478395
Midland,TX,2020,Administrative Services,1450802
Midland,TX,2020,CISD,7198420
Midland,TX,2020,Finance,2482916
Midland,TX,2020,General Services,7151386
Midland,TX,2020,Development Services,4540717
Midland,TX,2020,Engineering,26240196
Midland,TX,2020,Community Services,14616795
Midland,TX,2020,Police,34261414
Midland,TX,2020,Fire,31715711
Midland,TX,2020,Non-Departmental,6457865
Midland,TX,2022,City Council,0
Midland,TX,2022,City Manager,0
Midland,TX,2022,Municipal Court,0
Midland,TX,2022,City Attorney,0
Midland,TX,2022,City Secretary,0
Midland,TX,2022,Administrative Services,0
Midland,TX,2022,Communication & Information Systems,0
Midland,TX,2022,Finance,0
Midland,TX,2022,General Services,0
Midland,TX,2022,Development Services,0
Midland,TX,2022,Engineering Services,0
Midland,TX,2022,Community Services,0
Midland,TX,2022,Police,0
Midland,TX,2022,Fire,0
Midland,TX,2023,Administrative Services,26000
Midland,TX,2023,City Secretary,20000
Midland,TX,2023,Community Services,1072425
Midland,TX,2023,Engineering,14500000
Midland,TX,2023,Fire,854126
Midland,TX,2023,General Services,52440
Midland,TX,2023,Police,1510691
Missouri City,TX,2018,City Management,1500000
Missouri City,TX,2018,City Secretary,500000
Missouri City,TX,2018,Human Resources,600000
Missouri City,TX,2018,Legal,800000
Missouri City,TX,2018,Municipal Court,1000000
Missouri City,TX,2018,Communications,300000
Missouri City,TX,2018,Economic Development,400000
Missouri City,TX,2018,Police,15000000
Missouri City,TX,2018,Fire,12000000
Missouri City,TX,2018,Public Works,5000000
Missouri City,TX,2018,Parks and Recreation,3000000
Missouri City,TX,2018,Development Services,2000000
Missouri City,TX,2018,Innovation and Technology,1000000
New Braunfells,TX,2018,Fire,12000000
New Braunfells,TX,2018,Police,15000000
New Braunfells,TX,2018,Municipal Court,1310000
New Braunfells,TX,2018,City Council,1350000
New Braunfells,TX,2018,City Administration,1360000
New Braunfells,TX,2018,Information Technology,1410000
New Braunfells,TX,2018,City Attorney,1450000
New Braunfells,TX,2018,Human Resources,1480000
New Braunfells,TX,2018,Non-Departmental,1510000
New Braunfells,TX,2018,Finance,1550000
New Braunfells,TX,2018,Library,1600000
New Braunfells,TX,2018,Parks and Recreation,1640000
New Braunfells,TX,2018,Planning and Community Development,1730000
New Braunfells,TX,2019,Fire,12000000
New Braunfells,TX,2019,Police,15000000
New Braunfells,TX,2019,Municipal Court,2000000
New Braunfells,TX,2019,City Council,500000
New Braunfells,TX,2019,City Administration,700000
New Braunfells,TX,2019,Information Technology,1000000
New Braunfells,TX,2019,City Attorney,800000
New Braunfells,TX,2019,Human Resources,1500000
New Braunfells,TX,2019,Finance,3000000
New Braunfells,TX,2019,Library,600000
New Braunfells,TX,2019,Parks and Recreation,3000000
New Braunfells,TX,2019,Public Works,7000000
New Braunfells,TX,2019,Planning and Community Development,2000000
New Braunfells,TX,2020,Fire,132100
New Braunfells,TX,2020,Police,623347
New Braunfells,TX,2020,Municipal Court,13701
New Braunfells,TX,2020,City Council,50000
New Braunfells,TX,2020,City Administration,78223
New Braunfells,TX,2020,Information Technology,75658
New Braunfells,TX,2020,Human Resources,78223
New Braunfells,TX,2020,Planning and Community Development,335634
New Braunfells,TX,2020,Library,89253
New Braunfells,TX,2020,Parks and Recreation,25700
New Braunfells,TX,2022,Fire,12000000
New Braunfells,TX,2022,Police,15000000
New Braunfells,TX,2022,Municipal Court,110000
New Braunfells,TX,2022,City Council,810000
New Braunfells,TX,2022,City Manager's Office,830000
New Braunfells,TX,2022,City Secretary,860000
New Braunfells,TX,2022,Communications & Community Engagement,880000
New Braunfells,TX,2022,Economic & Community Development,910000
New Braunfells,TX,2022,Information Technology,940000
New Braunfells,TX,2022,City Attorney's Office,98358
New Braunfells,TX,2022,Human Resources & Risk Management,1000000
New Braunfells,TX,2022,Non-Departmental,4500000
New Braunfells,TX,2022,Finance,1060000
New Braunfells,TX,2022,Quality of Life,1363414
New Braunfells,TX,2022,Library Services,1110000
New Braunfells,TX,2022,Parks and Recreation,1150000
New Braunfells,TX,2023,Fire,12000000
New Braunfells,TX,2023,Police,15000000
New Braunfells,TX,2023,Municipal Court,8000000
New Braunfells,TX,2023,City Council,8400000
New Braunfells,TX,2023,City Manager's Office,8600000
New Braunfells,TX,2023,City Secretary,8900000
New Braunfells,TX,2023,Communications & Community Engagement,9200000
New Braunfells,TX,2023,Economic & Community Development,9600000
New Braunfells,TX,2023,Information Technology,9900000
New Braunfells,TX,2023,City Attorney's Office,10300000
New Braunfells,TX,2023,Human Resources & Risk Management,10500000
New Braunfells,TX,2023,Non-Departmental,10900000
New Braunfells,TX,2023,Finance,11100000
New Braunfells,TX,2023,Library Services,11600000
New Braunfells,TX,2023,Parks and Recreation,12000000
Nogales,AZ,2018,Non-Departmental,4416811
Nogales,AZ,2018,Mayor,98619
Nogales,AZ,2018,Council,137889
Nogales,AZ,2018,Emergency Response,200000
Nogales,AZ,2018,City Manager,453341
Nogales,AZ,2018,Finance,1184593
Nogales,AZ,2018,Human Resources,263599
Nogales,AZ,2018,Planning & Zoning,299602
Nogales,AZ,2018,Elections,1000
Nogales,AZ,2018,Building Inspection,119342
Nogales,AZ,2018,MIS,540872
Nogales,AZ,2018,City Attorney,781791
Nogales,AZ,2018,City Court,502936
Nogales,AZ,2018,City/County Library,501142
Nogales,AZ,2018,Police,6545846
Nogales,AZ,2018,Fire,4988631
Nogales,AZ,2018,Volunteer Firefighters,7920
Nogales,AZ,2018,Facilities Maintenance,515630
Nogales,AZ,2018,Engineering,152986
Nogales,AZ,2018,Cemetery,160284
Nogales,AZ,2018,Animal Control,272145
Nogales,AZ,2018,Recreation,401435
Nogales,AZ,2018,Parks,589655
Nogales,AZ,2018,Golf Course,35890
Nogales,AZ,2021,Non Departmental,9427797
Nogales,AZ,2021,Mayor,156208
Nogales,AZ,2021,Council,168431
Nogales,AZ,2021,Emergency Response,200000
Nogales,AZ,2021,Administration,433318
Nogales,AZ,2021,Finance,1036974
Nogales,AZ,2021,Human Resources,307396
Nogales,AZ,2021,P & Z & Building Inspections,506691
Nogales,AZ,2021,City Clerk,107408
Nogales,AZ,2021,MIS,636171
Nogales,AZ,2021,City Attorney,661921
Nogales,AZ,2021,City Court,567862
Nogales,AZ,2021,City / County Library,569894
Nogales,AZ,2021,Police,6672274
Nogales,AZ,2021,Fire,5939668
Nogales,AZ,2021,Volunteer Firefighters,7920
Nogales,AZ,2021,Nogales Rides,60643
Nogales,AZ,2021,Facilities Maintenance,743288
Nogales,AZ,2021,Engineering,155675
Nogales,AZ,2021,Cemetery,72600
Nogales,AZ,2021,Animal Control,360650
Nogales,AZ,2021,Recreation,614821
Nogales,AZ,2021,Parks,1522678
Nogales,AZ,2021,Golf Course,35890
Nogales,AZ,2022,Non-Departmental,10440686
Nogales,AZ,2022,Mayor,157408
Nogales,AZ,2022,Council,168288
Nogales,AZ,2022,City Manager,560472
Nogales,AZ,2022,Finance,1237239
Nogales,AZ,2022,Human Resources,314190
Nogales,AZ,2022,Planning and Zoning/Building Inspection,486099
Nogales,AZ,2023,Non Departmental,9305219
Nogales,AZ,2023,Mayor,156640
Nogales,AZ,2023,Council,167914
Nogales,AZ,2023,Administration,597162
Nogales,AZ,2023,Finance,1270591
Nogales,AZ,2023,Human Resources,332217
Nogales,AZ,2023,P&Z,499091
Nogales,AZ,2023,City Clerk,130596
Nogales,AZ,2023,MIS,906401
Nogales,AZ,2023,City Attorney,602971
Nogales,AZ,2023,City Court,626065
Nogales,AZ,2023,City/County Library,692893
Nogales,AZ,2023,Police,9222011
Nogales,AZ,2023,Fire,8834451
Nogales,AZ,2023,Volunteer Firefighters,4620
Nogales,AZ,2023,Nogales Rides,64863
Nogales,AZ,2023,Facilities Maintenance,1447664
Nogales,AZ,2023,Engineering,260790
Nogales,AZ,2023,Cemetery,244468
Nogales,AZ,2023,Animal Control,355000
Nogales,AZ,2023,Recreation,640340
Nogales,AZ,2023,Parks,5318428
Nogales,AZ,2025,Non-Departmental,13600000
Nogales,AZ,2025,Mayor,193607
Nogales,AZ,2025,Council,168965
Nogales,AZ,2025,City Manager,586767
Nogales,AZ,2025,Finance,1453805
Nogales,AZ,2025,Human Resources,387725
Nogales,AZ,2025,Community Development,472076
Nogales,AZ,2025,City Clerk,49081
Nogales,AZ,2025,MIS,0
Nogales,AZ,2025,City Attorney,0
Nogales,AZ,2025,Court,0
Nogales,AZ,2025,Library,0
Nogales,AZ,2025,Police,15000000
Nogales,AZ,2025,Fire,12000000
Nogales,AZ,2025,Facilities,0
Nogales,AZ,2025,Engineering,0
Nogales,AZ,2025,Cemetery,0
Nogales,AZ,2025,Animal Control,0
Nogales,AZ,2025,Parks & Rec,0
Nogales 25 (1),AZ,0,Non-Departmental,13617667
Nogales 25 (1),AZ,0,Mayor,193607
Nogales 25 (1),AZ,0,Council,168965
Nogales 25 (1),AZ,0,City Manager,586767
Nogales 25 (1),AZ,0,Finance,1453805
Nogales 25 (1),AZ,0,Human Resources,387725
Nogales 25 (1),AZ,0,Community Development,472076
Nogales 25 (1),AZ,0,City Clerk,499299
Nogales 25 (1),AZ,0,MIS,0
Nogales 25 (1),AZ,0,City Attorney,0
Nogales 25 (1),AZ,0,Court,0
Nogales 25 (1),AZ,0,Library,0
Nogales 25 (1),AZ,0,Police,0
Nogales 25 (1),AZ,0,Fire,0
Nogales 25 (1),AZ,0,Facilities,0
Nogales 25 (1),AZ,0,Engineering,0
Nogales 25 (1),AZ,0,Cemetery,0
Nogales 25 (1),AZ,0,Animal Control,0
Nogales 25 (1),AZ,0,Parks & Rec,0
Nogales Adopted,AZ,2019,Non-Departamental,4466685
Nogales Adopted,AZ,2019,Mayor,93261
Nogales Adopted,AZ,2019,Council,136570
Nogales Adopted,AZ,2019,Emergency Response,200000
Nogales Adopted,AZ,2019,City Manager,658463
Nogales Adopted,AZ,2019,Finance,1164435
Nogales Adopted,AZ,2019,Human Resources,326809
Nogales Adopted,AZ,2019,Planning/Zoning/Building Insp.,414750
Nogales Adopted,AZ,2019,City Clerk,122605
Nogales Adopted,AZ,2019,MIS,581722
Nogales Adopted,AZ,2019,City Attorney,666758
Nogales Adopted,AZ,2019,Court,485013
Nogales Adopted,AZ,2019,Police,6695094
Nogales Adopted,AZ,2019,Fire,5467887
Nogales Adopted,AZ,2019,Volunteer Firefighters,7920
Nogales Adopted,AZ,2019,Facilities Maintenance,585082
Nogales Adopted,AZ,2019,Engineering,152160
Nogales Adopted,AZ,2019,Cemetery,143020
Nogales Adopted,AZ,2019,Animal Control,291804
Nogales Adopted,AZ,2019,Recreation,495666
Nogales Adopted,AZ,2019,Parks,717367
Nogales Adopted,AZ,2019,Golf Course,35890
Nogales Tentative Budget,AZ,2020,Non-Departamental,821495
Nogales Tentative Budget,AZ,2020,Mayor,95337
Nogales Tentative Budget,AZ,2020,Council,165471
Nogales Tentative Budget,AZ,2020,Emergency Response,200000
Nogales Tentative Budget,AZ,2020,City Manager,480596
Nogales Tentative Budget,AZ,2020,Finance,1083319
Nogales Tentative Budget,AZ,2020,Human Resources,284088
Nogales Tentative Budget,AZ,2020,Planning/Zoning/Building Insp.,580355
Nogales Tentative Budget,AZ,2020,City Clerk,78451
Nogales Tentative Budget,AZ,2020,MIS,594454
Nogales Tentative Budget,AZ,2020,City Attorney,699767
Nogales Tentative Budget,AZ,2020,Court,405881
Odessa,TX,2021,City Council,36327
Odessa,TX,2021,City Secretary,293307
Odessa,TX,2021,City Attorney,1977940
Odessa,TX,2021,Office of the City Manager,1480663
Odessa,TX,2021,Downtown Odessa,60000
Odessa,TX,2021,Human Resources,780972
Odessa,TX,2021,Planning and Development,610799
Odessa,TX,2021,Code Enforcement,1593594
Odessa,TX,2021,Building Services,1919338
Odessa,TX,2021,Finance,1439047
Odessa,TX,2021,Purchasing,730176
Odessa,TX,2021,Municipal Court,1239492
Odessa,TX,2021,Judges Municipal Court,542137
Odessa,TX,2021,Non-Departmental,2403598
Odessa,TX,2021,Outside Agencies,260000
Odessa,TX,2021,Operating Transfers Out,638479
Odessa,TX,2021,Supplemental Expenditures,1500000
Odessa,TX,2021,Public Works Administration,433167
Odessa,TX,2021,Engineering,1617212
Odessa,TX,2021,Building Inspection,1687541
Odessa,TX,2021,Traffic Engineering,1928729
Odessa,TX,2021,Street,10524582
Odessa,TX,2021,Geointelligence,811199
Odessa,TX,2021,Parks and Recreation,6684162
Odessa,TX,2021,Fire,26235509
Odessa,TX,2021,Police,29988342
Odessa,TX,2021,Public Safety Communications,2385053
Pflugerville,TX,2022,City Manager,4467970
Pflugerville,TX,2022,Legal,4786263
Pflugerville,TX,2022,People and Culture,5147034
Pflugerville,TX,2022,Finance,4217946
Pflugerville,TX,2022,Communications,2086470
Pflugerville,TX,2022,Information Technology,0
Pflugerville,TX,2022,Planning,6304416
Pflugerville,TX,2022,Parks and Recreation,7552886
Pflugerville,TX,2022,Police,14158316
Pflugerville,TX,2022,Field Operations,0
Pflugerville,TX,2022,Public Works,10338382
Phoenix,AZ,2016,Police,1019784000
Phoenix,AZ,2016,Fire,35281000
Phoenix,AZ,2016,Parks and Recreation,90558000
Phoenix,AZ,2016,Library,35281000
Phoenix,AZ,2016,Municipal Court,0
Phoenix,AZ,2016,Finance,0
Phoenix,AZ,2016,Prosecutor & Defender,0
Phoenix,AZ,2016,Streets,0
Phoenix,AZ,2016,Human Services,0
Phoenix,AZ,2016,Public Transit,0
Phoenix,AZ,2016,Public Works,0
Phoenix,AZ,2016,Neighborhood Services,0
Phoenix,AZ,2016,Human Resources,0
Phoenix,AZ,2016,Functions,0
Phoenix,AZ,2016,Law,0
Phoenix,AZ,2016,City Clerk,0
Phoenix,AZ,2016,Economic Development,0
Phoenix,AZ,2016,Planning and Development,0
Phoenix,AZ,2016,City Council,0
Phoenix,AZ,2016,Budget & Research,0
Phoenix,AZ,2016,City Auditor,0
Phoenix,AZ,2016,Equal Opportunity,0
Phoenix,AZ,2016,City Manager,0
Phoenix,AZ,2016,Communications Office,0
Phoenix,AZ,2016,Mayor,0
Phoenix,AZ,2016,Parking Garages,0
Phoenix,AZ,2017,Police,15000000
Phoenix,AZ,2017,Fire,12000000
Phoenix,AZ,2017,Parks and Recreation,91391000
Phoenix,AZ,2017,Library,35282000
Phoenix,AZ,2017,Municipal Court,10000000
Phoenix,AZ,2017,Finance,10000000
Phoenix,AZ,2017,Streets,10000000
Phoenix,AZ,2017,Prosecutor & Defender,10000000
Phoenix,AZ,2017,Human Services,10000000
Phoenix,AZ,2017,Public Works,10000000
Phoenix,AZ,2017,Neighborhood Services,10000000
Phoenix,AZ,2017,Human Resources,10000000
Phoenix,AZ,2017,Law,10000000
Phoenix,AZ,2017,Economic Development,10000000
Phoenix,AZ,2017,City Clerk,10000000
Phoenix,AZ,2017,Planning and Development,10000000
Phoenix,AZ,2017,City Council,10000000
Phoenix,AZ,2017,Budget & Research,10000000
Phoenix,AZ,2017,City Auditor,10000000
Phoenix,AZ,2017,Equal Opportunity,10000000
Phoenix,AZ,2017,City Manager,10000000
Phoenix,AZ,2017,Communications Office,10000000
Phoenix,AZ,2017,Mayor,10000000
Phoenix,AZ,2018,Mayor,100000
Phoenix,AZ,2018,City Council,100000
Phoenix,AZ,2018,City Manager,1010000
Phoenix,AZ,2018,City Auditor,1030000
Phoenix,AZ,2018,Communications,1020000
Phoenix,AZ,2018,Government Relations,1020000
Phoenix,AZ,2018,Neighborhood Protection,33525000
Phoenix,AZ,2018,Parks and Recreation,90984000
Phoenix,AZ,2018,Library,38796000
Phoenix,AZ,2018,Public Safety,1268098000
Phoenix,AZ,2018,Fire,12000000
Phoenix,AZ,2018,Police,15000000
Phoenix,AZ,2019,Mayor,1995436
Phoenix,AZ,2019,City Council,4409004
Phoenix,AZ,2019,City Manager,2623622
Phoenix,AZ,2019,Government Relations,1280517
Phoenix,AZ,2019,Communications Office,2544479
Phoenix,AZ,2019,City Auditor,2980402
Phoenix,AZ,2019,Equal Opportunity,2659658
Phoenix,AZ,2019,Human Resources,10623985
Phoenix,AZ,2019,Phoenix Employment Relations Board,102074
Phoenix,AZ,2019,Retirement Systems,5310
Phoenix,AZ,2019,Law,24088555
Phoenix,AZ,2019,Information Technology Services,37553099
Phoenix,AZ,2019,City Clerk and Elections,6692536
Phoenix,AZ,2019,Finance,23566830
Phoenix,AZ,2019,Budget and Research,3396002
Phoenix,AZ,2021,Mayor,2243626
Phoenix,AZ,2021,City Council,5444176
Phoenix,AZ,2021,City Manager,5971102
Phoenix,AZ,2021,Government Relations,1540954
Phoenix,AZ,2021,Communications Office,2779617
Phoenix,AZ,2021,City Auditor,3205469
Phoenix,AZ,2021,Equal Opportunity,3340547
Phoenix,AZ,2021,Human Resources,12969002
Phoenix,AZ,2021,Phoenix Employment Relations Board,107120
Phoenix,AZ,2021,Retirement Systems,0
Phoenix,AZ,2021,Law,26182927
Phoenix,AZ,2021,Information Technology Services,52395300
Phoenix,AZ,2021,City Clerk,7284769
Phoenix,AZ,2021,Finance,26013314
Phoenix,AZ,2021,Budget and Research,3974562
Phoenix,AZ,2021,General Government,150096053
Phoenix,AZ,2021,Public Safety,944680555
Phoenix,AZ,2021,Criminal Justice,37540550
Phoenix,AZ,2021,Transportation,20762291
Phoenix,AZ,2021,Community Development,24760742
Phoenix,AZ,2021,Community Enrichment,26837014
Phoenix,AZ,2021,Environmental Services,18798890
Phoenix,AZ,2021,Contingencies,55596000
Phoenix,AZ,2021,Capital Improvements,18687712
Phoenix,AZ,2021,Mayor,100000
Phoenix,AZ,2021,City Council,100000
Phoenix,AZ,2021,City Manager,1010000
Phoenix,AZ,2021,City Auditor,1000000
Phoenix,AZ,2021,Communications Office,1000000
Phoenix,AZ,2021,Government Relations,100000
Phoenix,AZ,2021,Parks and Recreation,40896000
Phoenix,AZ,2021,Library,40896000
Phoenix,AZ,2021,Transportation,167905000
Phoenix,AZ,2021,Development Services,72555000
Phoenix,AZ,2022,Mayor,2322528
Phoenix,AZ,2022,City Council,5577004
Phoenix,AZ,2022,City Manager,8816394
Phoenix,AZ,2022,City Auditor,3174007
Phoenix,AZ,2022,Information Technology Services,60138138
Phoenix,AZ,2022,Equal Opportunity,7474869
Phoenix,AZ,2022,Human Resources,19275056
Phoenix,AZ,2022,Law,4310873
Phoenix,AZ,2022,Budget and Research,29714878
Phoenix,AZ,2022,Phoenix Employment Relations Board,124177
Phoenix,AZ,2022,Civil,4384836
Phoenix,AZ,2022,Criminal,19210465
Phoenix,AZ,2022,Management Services,2351733
Phoenix,AZ,2024,Mayor,2700000
Phoenix,AZ,2024,City Council,6854261
Phoenix,AZ,2024,City Manager,20128079
Phoenix,AZ,2024,City Auditor,3682271
Phoenix,AZ,2024,Information Technology Services,92022150
Phoenix,AZ,2024,Equal Opportunity,3485720
Phoenix,AZ,2024,Human Resources,30339685
Phoenix,AZ,2024,Law,34147532
Phoenix,AZ,2024,Budget and Research,4562718
Phoenix,AZ,2025,Mayor,2743728
Phoenix,AZ,2025,City Council,7028752
Phoenix,AZ,2025,City Manager,11992536
Phoenix,AZ,2025,City Auditor,3892340
Phoenix,AZ,2025,Information Technology Services,104584960
Phoenix,AZ,2025,Equal Opportunity,3686901
Phoenix,AZ,2025,City Clerk,30439773
Phoenix,AZ,2025,Human Resources,30439773
Phoenix,AZ,2025,Law,4587448
Phoenix,AZ,2025,Budget and Research,34834310
Phoenix,AZ,2025,Retirement Systems,660030
Phoenix,AZ,2025,Phoenix Employment Relations Board,133422
Phoenix Adoption,AZ,2022,General Government,168223524
Phoenix Adoption,AZ,2022,Public Safety,999730206
Phoenix Adoption,AZ,2022,Criminal Justice,39858267
Phoenix Adoption,AZ,2022,Transportation,23476431
Phoenix Adoption,AZ,2022,Community Development,29344401
Phoenix Adoption,AZ,2022,Community Enrichment,29069292
Phoenix Adoption,AZ,2022,Environmental Services,24481917
Phoenix Adoption,AZ,2022,Capital Improvements,24052012
Plano,TX,2018,City Council,1234000
Plano,TX,2018,City Manager,1234000
Plano,TX,2018,Legal,1234000
Plano,TX,2018,Municipal Court,1234000
Plano,TX,2018,Administrative Services,1234000
Plano,TX,2018,City Secretary,1234000
Plano,TX,2018,Human Resources,1234000
Plano,TX,2018,Management Preparation Program,1234000
Plano,TX,2018,Volunteer Resources,1234000
Plano,TX,2018,Internal Audit,1234000
Plano,TX,2018,Budget & Research,1234000
Plano,TX,2018,Special Events,1234000
Plano,TX,2018,Economic Development,1234000
Plano,TX,2018,Police,15000000
Plano,TX,2018,Fire,12000000
Plano,TX,2018,Parks & Recreation,246426
Plano,TX,2018,Engineering,201103
Plano,TX,2018,Animal Services,155155
Plano,TX,2018,Public Works Streets,89075
Plano,TX,2018,Library Technical Services,1125000
Plano,TX,2019,City Council,0
Plano,TX,2019,City Manager,0
Plano,TX,2019,Legal,0
Plano,TX,2019,Municipal Court Judge,0
Plano,TX,2019,City Secretary,0
Plano,TX,2019,Records Management,0
Plano,TX,2019,Economic Development,0
Plano,TX,2019,Policy & Government Relations,0
Plano,TX,2019,Administrative Services,0
Plano,TX,2019,Communications & Community Outreach,0
Plano,TX,2019,Media Relations,0
Plano,TX,2019,Finance Administration,0
Plano,TX,2019,Accounting,0
Plano,TX,2019,Municipal Court Administration,0
Plano,TX,2019,Treasury,0
Plano,TX,2019,Budget & Research,0
Plano,TX,2019,Procurement & Project Management,0
Plano,TX,2019,Human Resources,0
Plano,TX,2019,Management Preparation Program,0
Plano,TX,2019,Community Services,0
Plano,TX,2019,Police,15000000
Plano,TX,2019,Plano-Richardson Training Center,0
Plano,TX,2019,School Crossing Guard Program,0
Plano,TX,2019,Public Safety Communications,0
Plano,TX,2019,Fire,12000000
Plano,TX,2019,Fire - Civilian,0
Plano,TX,2019,Emergency Management,0
Plano,TX,2019,Environmental Health,0
Plano,TX,2019,Animal Services,0
Plano,TX,2019,Parks & Recreation Administration,0
Plano,TX,2019,Volunteer Resources,0
Plano,TX,2019,Creative Arts,0
Plano,TX,2019,Special Events,0
Plano,TX,2019,Special Events - Plano,0
Plano,TX,2020,City Council,0
Plano,TX,2020,City Manager,0
Plano,TX,2020,Legal,0
Plano,TX,2020,Municipal Court Judge,0
Plano,TX,2020,City Secretary,0
Plano,TX,2020,Records Management,0
Plano,TX,2020,Economic Development,0
Plano,TX,2020,Policy & Government Relations,0
Plano,TX,2020,Budget & Research,0
Plano,TX,2020,Finance Administration,0
Plano,TX,2020,Accounting,0
Plano,TX,2020,Municipal Court Administration,0
Plano,TX,2020,Treasury,0
Plano,TX,2020,Administrative Services,0
Plano,TX,2020,Communications & Community Outreach,0
Plano,TX,2020,Police,15000000
Plano,TX,2020,Fire,12000000
Plano,TX,2020,Emergency Management,0
Plano,TX,2020,Facility Maintenance & Services,173307
Plano,TX,2020,Engineering,70000
Plano,TX,2020,Planning,154770
Plano,TX,2020,Neighborhood Services,0
Plano,TX,2020,Building Inspections,63310
Plano,TX,2020,Animal Services,20000
Plano,TX,2020,Public Works Administration,75000
Plano,TX,2020,Library Administration,0
Plano,TX,2021,City Council,0
Plano,TX,2021,City Manager,0
Plano,TX,2021,Legal,0
Plano,TX,2021,Municipal Court Judge,0
Plano,TX,2021,City Secretary,200000
Plano,TX,2021,Records Management,0
Plano,TX,2021,Economic Development,0
Plano,TX,2021,Policy & Government Relations,0
Plano,TX,2021,Budget & Research,0
Plano,TX,2021,Finance Administration,0
Plano,TX,2021,Accounting,0
Plano,TX,2021,Municipal Court Administration,0
Plano,TX,2021,Treasury,0
Plano,TX,2021,Administrative Services,0
Plano,TX,2021,Communications & Community Outreach,0
Plano,TX,2021,Fire,0
Plano,TX,2021,Police,0
Plano,TX,2021,Parks & Recreation,0
Plano,TX,2021,Engineering,425000
Plano,TX,2021,Library Administration,1250000
Plano,TX,2021,Facility Maintenance & Services,374120
Plano,TX,2022,City Council,19923715
Plano,TX,2022,City Manager,16000000
Plano,TX,2022,Legal,5000000
Plano,TX,2022,Municipal Court,3000000
Plano,TX,2022,City Secretary,2000000
Plano,TX,2022,Economic Development,3000000
Plano,TX,2022,Policy & Government Relations,2000000
Plano,TX,2022,Budget & Research,2000000
Plano,TX,2022,Finance Administration,5000000
Plano,TX,2022,Accounting,3000000
Plano,TX,2022,Municipal Court Administration,2000000
Plano,TX,2022,Treasury,2000000
Plano,TX,2022,Administrative Services,3000000
Plano,TX,2022,Communications & Community Outreach,2000000
Plano,TX,2022,Police,15000000
Plano,TX,2022,Fire,12000000
Plano,TX,2022,Parks & Recreation,30930428
Plano,TX,2022,Library,12926489
Plano,TX,2022,Building & Development,17894308
Plano,TX,2022,Public Safety & Health,164639491
Plano,TX,2023,City Council,0
Plano,TX,2023,City Manager,0
Plano,TX,2023,Legal,0
Plano,TX,2023,Municipal Court Judge,0
Plano,TX,2023,City Secretary,0
Plano,TX,2023,Records Management,0
Plano,TX,2023,Economic Development,0
Plano,TX,2023,Policy & Government Relations,0
Plano,TX,2023,Budget & Research,0
Plano,TX,2023,Finance Administration,0
Plano,TX,2023,Accounting,0
Plano,TX,2023,Municipal Court Administration,0
Plano,TX,2023,Treasury,0
Plano,TX,2023,Administrative Services,0
Plano,TX,2023,Communications & Community Outreach,0
Plano,TX,2023,Media Relations,0
Plano,TX,2023,Police,1503531
Plano,TX,2023,Fire,4958393
Plano,TX,2023,Public Works,6800
Plano,TX,2023,Library,1400000
Plano,TX,2023,Building Inspections,32741
Rosenberg,TX,2019,Police,15000000
Rosenberg,TX,2019,Fire,12000000
Rosenberg,TX,2019,Public Works,10000000
Rosenberg,TX,2019,Community Development,5000000
Rosenberg,TX,2019,General Government,8000000
Rosenberg,TX,2022,City Manager,0
Rosenberg,TX,2022,Human Resources,0
Rosenberg,TX,2022,Economic Development,0
Rosenberg,TX,2022,City Secretary,0
Rosenberg,TX,2022,Finance,0
Rosenberg,TX,2022,Municipal Court,0
Rosenberg,TX,2022,Community Development,0
Rosenberg,TX,2022,Code Enforcement,0
Rosenberg,TX,2022,Health,0
Rosenberg,TX,2022,Parks & Recreation,0
Rosenberg,TX,2022,Police,0
Rosenberg,TX,2022,Fire,0
Rosenberg,TX,2023,General Government,4000000
Rosenberg,TX,2023,Police,15000000
Rosenberg,TX,2023,Fire,12000000
Rosenberg,TX,2023,Public Works,8000000
Rosenberg,TX,2023,Community Development,3000000
Rosenberg,TX,2023,General Government,4000000
Rosenberg,TX,2023,Police,15000000
Rosenberg,TX,2023,Fire,12000000
Rosenberg,TX,2023,Public Works,5000000
Rosenberg,TX,2023,Community Development,3000000
San Antonio,TX,2021,Police,15000000
San Antonio,TX,2021,Fire,12000000
San Antonio,TX,2021,Public Health,20300000
San Antonio,TX,2021,Housing,13900000
San Antonio,TX,2022,Police,15000000
San Antonio,TX,2022,Fire,12000000
San Antonio,TX,2022,Public Works,338800000
San Antonio,TX,2022,Parks,578776
San Antonio,TX,2022,Library,44200000
San Antonio,TX,2022,Human Services,28900000
San Antonio,TX,2022,Health,25200000
San Antonio,TX,2022,Neighborhood & Housing Services,18600000
San Antonio,TX,2022,Animal Care,18500000
San Antonio,TX,2022,Code Enforcement,15500000
San Antonio,TX,2022,Finance,13800000
San Antonio,TX,2022,Municipal Court,13000000
San Antonio,TX,2022,Mayor and Council,12900000
San Antonio,TX,2022,Economic Development,12300000
San Antonio,TX,2022,City Attorney,10200000
San Antonio,TX,2022,Transportation,7400000
San Antonio,TX,2022,Human Resources,7200000
San Antonio,TX,2022,Government and Public Affairs,6600000
San Antonio,TX,2022,City Clerk,4800000
San Antonio,TX,2022,Planning,4600000
San Antonio,TX,2023,Police,15000000
San Antonio,TX,2023,Fire,12000000
San Antonio,TX,2023,Public Works,427300000
San Antonio,TX,2023,Parks,427300000
San Antonio,TX,2023,Library,49100000
San Antonio,TX,2023,Health,34700000
San Antonio,TX,2023,Human Services,33800000
San Antonio,TX,2023,Neighborhood & Housing Services,25100000
San Antonio,TX,2023,Animal Care,21400000
San Antonio,TX,2023,Code Enforcement Services,16500000
San Antonio,TX,2023,Finance,15000000
San Antonio,TX,2023,Economic Development,14000000
San Antonio,TX,2023,Mayor & Council,14300000
San Antonio,TX,2023,Municipal Court,13600000
San Antonio,TX,2023,City Attorney,11200000
San Antonio,TX,2023,Human Resources,8200000
San Antonio,TX,2023,Communications & Engagement,5400000
San Antonio,TX,2023,City Clerk,5200000
San Antonio,TX,2023,Municipal Detention Center,4800000
San Antonio,TX,2023,311 Customer Service,4400000
San Antonio,TX,2023,Planning,4300000
San Antonio,TX,2023,City Manager,4000000
San Antonio,TX,2023,City Auditor,3400000
San Antonio,TX,2023,Management & Budget,3200000
San Antonio,TX,2023,"Diversity, Equity and Inclusion Office",3100000
Scottsdale,AZ,2022,Police,35000000
Scottsdale,AZ,2022,Fire,5000000
Scottsdale,AZ,2025,Mayor and City Council,1228149
Scottsdale,AZ,2025,City Attorney,9016837
Scottsdale,AZ,2025,City Auditor,1420460
Scottsdale,AZ,2025,City Clerk,1457536
Scottsdale,AZ,2025,City Court,6095604
Scottsdale,AZ,2025,City Manager,2943560
Scottsdale,AZ,2025,City Treasurer,13642181
Scottsdale,AZ,2025,Administrative Services,26947123
Scottsdale,AZ,2025,Community and Economic Development,26117112
Scottsdale,AZ,2025,Community Services,52771541
Scottsdale,AZ,2025,Public Safety - Fire,72897636
Scottsdale,AZ,2025,Public Safety - Police,136918706
Scottsdale,AZ,2025,Public Works,30020050
Selma,TX,2018,Administration,3707074
Selma,TX,2018,Infrastructure,456537
Selma,TX,2018,Fire,2480154
Selma,TX,2018,Police,3876632
Selma,TX,2018,Engineering & Permits,631331
Selma,TX,2018,Mayor & Council,64700
Selma,TX,2018,Historical & Parks,30600
Selma,TX,2019,Administrative,3942925
Selma,TX,2019,Infrastructure,465167
Selma,TX,2019,Fire,2443502
Selma,TX,2019,Police,4002027
Selma,TX,2019,Engineering / Permits,511730
Selma,TX,2019,Mayor & City Council,66700
Selma,TX,2019,Historical & Parks Commission,31365
Selma,TX,2020,Administration,4155118
Selma,TX,2020,Infrastructure,409548
Selma,TX,2020,Fire,2546883
Selma,TX,2020,Police,4082655
Selma,TX,2020,Engineering & Permits,506159
Selma,TX,2020,Mayor & Council,68700
Selma,TX,2020,Historical & Parks,31992
Selma,TX,2021,Administration,3831765
Selma,TX,2021,Infrastructure,399093
Selma,TX,2021,Fire,2609307
Selma,TX,2021,Police,3961451
Selma,TX,2021,Development Services,415453
Selma,TX,2021,Mayor & Council,70700
Selma,TX,2021,Historical & Parks Commission,5000
Selma,TX,2022,Administration,5822799
Selma,TX,2022,Infrastructure,366865
Selma,TX,2022,Fire,2813510
Selma,TX,2022,Police,4200198
Selma,TX,2022,Development Services,450097
Selma,TX,2022,Mayor & Council,70700
Selma,TX,2022,Historical & Parks Commission,12000
Selma,TX,2023,Administration,6251135
Selma,TX,2023,Infrastructure,457893
Selma,TX,2023,Fire,3115875
Selma,TX,2023,Police,4400594
Selma,TX,2023,Development Services,532217
Selma,TX,2023,Mayor & Council,79200
Sierra Vista,AZ,2017,City Council,108494
Sierra Vista,AZ,2017,Administrative Services,2617031
Sierra Vista,AZ,2017,City Manager,2331577
Sierra Vista,AZ,2017,Court & Legal,274446
Sierra Vista,AZ,2017,General Government,996363
Sierra Vista,AZ,2017,Police,11156771
Sierra Vista,AZ,2017,Fire,8683678
Sierra Vista,AZ,2017,Public Works,6151207
Sierra Vista,AZ,2017,Leisure & Library,3317347
Sierra Vista,AZ,2017,Community Development,904954
Sierra Vista,AZ,2017,Debt,156653
Sierra Vista,AZ,2018,City Council,99494
Sierra Vista,AZ,2018,Administrative Services,3138603
Sierra Vista,AZ,2018,City Manager,2310208
Sierra Vista,AZ,2018,Court & Legal,273071
Sierra Vista,AZ,2018,General Government,908752
Sierra Vista,AZ,2018,Police,11429303
Sierra Vista,AZ,2018,Fire,6939673
Sierra Vista,AZ,2018,Public Works,6241279
Sierra Vista,AZ,2018,Leisure & Library,5113977
Sierra Vista,AZ,2018,Community Development,1018991
Sierra Vista,AZ,2018,Debt,299202
Sierra Vista,AZ,2019,City Council,104403
Sierra Vista,AZ,2019,Administrative Services,2944783
Sierra Vista,AZ,2019,City Manager,2596849
Sierra Vista,AZ,2019,Court & Legal,306171
Sierra Vista,AZ,2019,General Government,834007
Sierra Vista,AZ,2019,Police,110249843
Sierra Vista,AZ,2019,Fire,12571351
Sierra Vista,AZ,2019,Public Works,5551048
Sierra Vista,AZ,2019,Leisure & Library,4787525
Sierra Vista,AZ,2019,Community Development,938898
Sierra Vista,AZ,2019,Debt,306471
Sierra Vista,AZ,2020,City Council,103959
Sierra Vista,AZ,2020,Administrative Services,3447200
Sierra Vista,AZ,2020,City Manager,2576605
Sierra Vista,AZ,2020,Court & Legal,316559
Sierra Vista,AZ,2020,General Government,822631
Sierra Vista,AZ,2020,Police,13054499
Sierra Vista,AZ,2020,Fire,7836469
Sierra Vista,AZ,2020,Public Works,5661633
Sierra Vista,AZ,2020,Leisure & Library,5427354
Sierra Vista,AZ,2020,Community Development,915052
Sierra Vista,AZ,2021,City Council,104014
Sierra Vista,AZ,2021,Administrative Services,4399947
Sierra Vista,AZ,2021,City Manager,2733341
Sierra Vista,AZ,2021,Court & Legal,481580
Sierra Vista,AZ,2021,General Government,428240
Sierra Vista,AZ,2021,SEACOM,16107708
Sierra Vista,AZ,2021,Police,9284331
Sierra Vista,AZ,2021,Fire,6260015
Sierra Vista,AZ,2021,Public Works,5662453
Sierra Vista,AZ,2021,"Parks, Recreation, & Library",1034836
Sierra Vista,AZ,2021,Community Development,281880
Sierra Vista,AZ,2022,City Council,104014
Sierra Vista,AZ,2022,Administrative Services,4983153
Sierra Vista,AZ,2022,City Manager,2990373
Sierra Vista,AZ,2022,Court & Legal,574851
Sierra Vista,AZ,2022,General Government,476866
Sierra Vista,AZ,2022,SEACOM,16013977
Sierra Vista,AZ,2022,Police,10003805
Sierra Vista,AZ,2022,Fire,7694518
Sierra Vista,AZ,2022,Public Works,6197640
Sierra Vista,AZ,2022,"Parks, Recreation, & Library",1341853
Sierra Vista,AZ,2022,Community Development,121333
Stafford,TX,2020,Mayor and City Council,203707
Stafford,TX,2020,Finance,510897
Stafford,TX,2020,General Government,325569
Stafford,TX,2020,City Promotion / Development,666500
Stafford,TX,2020,Multimedia Communications,664118
Stafford,TX,2020,Information Technology,815038
Stafford,TX,2020,Development Services,343057
Tempe,AZ,2020,Community Services,648102
Tempe,AZ,2020,Engineering & Transportation,1300000
Tempe,AZ,2023,City Court,6282951
Tempe,AZ,2023,Police,15000000
Tempe,AZ,2023,Fire,12000000
Temple,TX,2018,City Council,14987082
Temple,TX,2018,City Manager,14987082
Temple,TX,2018,City Secretary,14987082
Temple,TX,2018,Economic Development,14987082
Temple,TX,2018,Facility Services,14987082
Temple,TX,2018,Finance,14987082
Temple,TX,2018,Fleet Services,14987082
Temple,TX,2018,General Services,14987082
Temple,TX,2018,Human Resources,14987082
Temple,TX,2018,Public Safety,31786441
Temple,TX,2018,Highways and Streets,3438666
Temple,TX,2018,Sanitation,6342150
Temple,TX,2018,Parks and Recreation,11032674
Temple,TX,2018,Airport,2228444
Temple,TX,2019,City Council,1500000
Temple,TX,2019,City Manager,2000000
Temple,TX,2019,City Secretary,1200000
Temple,TX,2019,Economic Development,1000000
Temple,TX,2019,Facility Services,2000000
Temple,TX,2019,Finance,3000000
Temple,TX,2019,Fleet Services,1500000
Temple,TX,2019,General Services,2500000
Temple,TX,2019,Human Resources,1800000
Temple,TX,2019,Public Safety,32000000
Temple,TX,2019,Highways and Streets,3500000
Temple,TX,2019,Sanitation,6600000
Temple,TX,2019,Parks and Recreation,11800000
Temple,TX,2019,Airport,2270000
Temple,TX,2020,General Government,18298913
Temple,TX,2020,Public Safety,34848653
Temple,TX,2020,Highways and Streets,4034533
Temple,TX,2020,Sanitation,7462583
Temple,TX,2020,Parks and Recreation,12487784
Temple,TX,2020,Airport,2298791
Temple,TX,2021,General Government,17782976
Temple,TX,2021,Public Safety,35586308
Temple,TX,2021,Highways and Streets,3897044
Temple,TX,2021,Sanitation,7641066
Temple,TX,2021,Parks and Recreation,13064154
Temple,TX,2023,Police,107621647
Temple,TX,2023,Fire,12000000
Temple,TX,2023,Parks,12000000
Temple,TX,2023,Public Safety,12000000
Temple,TX,2023,Animal Services,12000000
Temple,TX,2023,Code Compliance,12000000
Temple,TX,2023,Municipal Court,12000000
Temple,TX,2023,Recreation,12000000
Temple,TX,2023,Library,12000000
Temple,TX,2023,Planning,12000000
Temple,TX,2023,Purchasing,12000000
Temple,TX,2023,Special Services,12000000
Temple,TX,2023,Engineering,12000000
Temple,TX,2023,Traffic Control,12000000
Temple,TX,2023,Highways & Streets,12000000
Texarkana,TX,2018,City Council,0
Texarkana,TX,2018,Administrative Staff,0
Texarkana,TX,2018,City Manager,0
Texarkana,TX,2018,Police,1696580
Texarkana,TX,2018,Fire,12000000
Texarkana,TX,2018,Public Works,0
Texarkana,TX,2018,Building and Code Administration,0
Texarkana,TX,2018,Parks and Recreation,0
Texarkana,TX,2018,Planning and Community Development,0
Texarkana,TX,2018,Veteran's Office,0
Texarkana,TX,2018,General Government,0
Texarkana,TX,2019,Police,8691197
Texarkana,TX,2019,Fire,6406926
Texarkana,TX,2019,Public Works,4405565
Texarkana,TX,2019,Building and Code Administration,1148662
Texarkana,TX,2019,Parks and Recreation,1613793
Texarkana,TX,2019,Planning and Community Development,721162
Texarkana,TX,2019,General Government,2741556
Texarkana,TX,2020,Police,8903985
Texarkana,TX,2020,Fire,6343679
Texarkana,TX,2020,Public Works,4397298
Texarkana,TX,2020,Building and Code Administration,1111386
Texarkana,TX,2020,Planning and Community Development,535711
Texarkana,TX,2020,Parks Recreation and Community Health,1749760
Texarkana,TX,2020,General Government,2617302
Texarkana,TX,2021,General Government,2534168
Texarkana,TX,2021,Police,8661457
Texarkana,TX,2021,Fire,6612319
Texarkana,TX,2021,Public Works,4133714
Texarkana,TX,2021,Building and Code Administration,1048481
Texarkana,TX,2021,Parks and Recreation,1825345
Texarkana,TX,2021,Planning and Community Development,457397
Texarkana,TX,2022,General Government,2630902
Texarkana,TX,2022,Police,9110585
Texarkana,TX,2022,Fire,4854940
Texarkana,TX,2022,Public Works,4218517
Texarkana,TX,2022,Building and Code Administration,1567727
Texarkana,TX,2022,Parks and Recreation,1933946
Texarkana,TX,2022,Planning and Community Development,511737
Tucson,AZ,2018,Elected and Official,18100000
Tucson,AZ,2018,Public Safety and Justice Services,276100000
Tucson,AZ,2018,Community Enrichment and Development,41400000
Tucson,AZ,2018,Support Services,91900000
Tucson,AZ,2018,Public Utilities,1800000
Tucson,AZ,2018,General Government,62800000
Tucson,AZ,2022,Mayor and Council,3697360
Tucson,AZ,2022,Business Services,18422270
Tucson,AZ,2022,City Attorney,8136640
Tucson,AZ,2022,City Clerk,3095740
Tucson,AZ,2022,City Court,10658630
Tucson,AZ,2022,City Manager,7213870
Tucson,AZ,2022,Environmental Services,2906730
Tucson,AZ,2022,General Services,52997700
Tucson,AZ,2022,Housing and Community Development,3201520
Tucson,AZ,2022,Human Resources,0
Tucson,AZ,2022,Information Technology,26797130
Tucson,AZ,2022,Parks and Recreation,28906110
Tucson,AZ,2022,Planning and Development Services,8662670
Tucson,AZ,2022,Public Defender,3269260
Tucson,AZ,2022,Public Safety Communications,14612450
Tucson,AZ,2022,Transportation and Mobility,1316710
Tucson,AZ,2022,Tucson Fire,88306150
Tucson,AZ,2022,Tucson Police,148418650
Tuscon,AZ,2023,Mayor and Council,4834870
Tuscon,AZ,2023,Business Services,24119520
Tuscon,AZ,2023,City Attorney,9083870
Tuscon,AZ,2023,City Clerk,3124440
Tuscon,AZ,2023,City Court,12521670
Tuscon,AZ,2023,City Manager,7517410
Tuscon,AZ,2023,Environmental Services,3112030
Tuscon,AZ,2023,General Services,57715510
Tuscon,AZ,2023,Housing and Community Development,3117510
Tuscon,AZ,2023,Information Technology,27969510
Tuscon,AZ,2023,Parks and Recreation,29787120
Tuscon,AZ,2023,Planning and Development Services,8886460
Tuscon,AZ,2023,Public Defender,3626890
Tuscon,AZ,2023,Public Safety Communications,15495810
Tuscon,AZ,2023,Transportation and Mobility,951120
Tuscon,AZ,2023,Tucson Fire,96635880
Tuscon,AZ,2023,Tucson Police,157947010
Tuscon,AZ,2023,General Government,184907820
Tuscon,AZ,2023,Contingency,16063090
Tx,AMARILLO,2021,Mayor and Council,57829
Tx,AMARILLO,2021,City Manager,1471134
Tx,AMARILLO,2021,Office of Public Communication,379085
Tx,AMARILLO,2021,Tourism & Economic Development,2371536
Tx,AMARILLO,2021,Legal,1399287
Tx,AMARILLO,2021,City Secretary,301710
Tx,AMARILLO,2021,Municipal Court,1609827
Tx,BROWNSVILLE,2022,Fire,6500000
Tx,BROWNSVILLE,2022,Street Maintenance,40
Tx,BROWNSVILLE,2022,Street Patching PUB,621529
Tx,BROWNSVILLE,2022,Greens Division,1148482
Tx,BROWNSVILLE,2022,Beautification Mowing,174959
Tx,BROWNSVILLE,2022,Wellness Program,78236
Tx,BROWNSVILLE,2022,Ordinance Enforcement,573744
Tx,BROWNSVILLE,2022,Sports Park Security,34993
Tx,HOUSTON,2022,Police,41011708
Tx,HOUSTON,2022,Housing & Community Development,0
Tx,HOUSTON,2022,Department of Neighborhoods,0
Tx,HOUSTON,2022,Parks and Recreation,0
Tx,HOUSTON,2022,Administration and Regulatory Affairs,0
Tx,HOUSTON,2022,City Controller,8548188
Tx,LAREDO,2022,Aquatics,1419770
Tx,LAREDO,2022,Inner City Branch,230192
Tx,LAREDO,2022,Municipal Court,1789773
Tx,LAREDO,2022,Planning,1003635
Tx,MCALLEN,2022,Management Services,2203500
Tyler,TX,2018,General Government,6692288
Tyler,TX,2018,Police,26622898
Tyler,TX,2018,Library,1542229
Tyler,TX,2018,Municipal Court,1705349
Tyler,TX,2019,General Government,6967485
Tyler,TX,2019,Police,27841489
Tyler,TX,2019,Fire,18041060
Tyler,TX,2019,Public Services,6475828
Tyler,TX,2020,General Government,7634165
Tyler,TX,2020,Police,28605011
Tyler,TX,2020,Fire,19022359
Tyler,TX,2020,Public Services,6589359
Tyler,TX,2020,Parks and Recreation,3924039
Tyler,TX,2020,Library,1609891
Tyler,TX,2020,Municipal Court,1790779
Tyler,TX,2021,General Government,7965978
Tyler,TX,2021,Police,28837805
Tyler,TX,2021,Fire,19652254
Tyler,TX,2021,Public Services,6969483
Tyler,TX,2021,Parks and Recreation,3982637
Tyler,TX,2021,Library,1803395
Tyler,TX,2021,Municipal Court,1733226
Tyler,TX,2022,General Government,8403945
Tyler,TX,2022,Police,30564400
Tyler,TX,2022,Fire,890254
Tyler,TX,2023,General Government,8794711
Tyler,TX,2023,Police,33577663
Tyler,TX,2023,Fire,620254
Waco,TX,2018,General Government,17330952
Waco,TX,2018,Leisure Services,15264561
Waco,TX,2018,Public Safety,70270600
Waco,TX,2018,Public Services,11930554
Waco,TX,2018,Miscellaneous,17091121
Waco,TX,2019,City Manager,4611904
Waco,TX,2019,City Council,240439
Waco,TX,2019,City Secretary,690706
Waco,TX,2019,Finance,2411455
Waco,TX,2019,Legal,1303718
Waco,TX,2019,Planning,886626
Waco,TX,2019,Human Resources,1358281
Waco,TX,2019,Municipal Information,840367
Waco,TX,2019,Information Technology,4989919
Waco,TX,2019,Purchasing,716973
Waco,TX,2019,Facilities,4095937
Waco,TX,2019,Streets & Drainage,6302288
Waco,TX,2019,Municipal Court,1363838
Waco,TX,2019,Inspections,2286948
Waco,TX,2019,Animal Shelter,2041227
Waco,TX,2019,Emergency Management,1538197
Waco,TX,2019,Fire,26083690
Waco,TX,2019,Police,40496301
Waco,TX,2019,Traffic,3881014
Waco,TX,2019,Library,4329805
Waco,TX,2019,Parks and Recreation,11605176
Waco,TX,2019,Housing & Eco Development,776784
Waco,TX,2020,Administration,2919771
Waco,TX,2020,City Council,247000
Waco,TX,2020,Economic Development,462414
Waco,TX,2020,Finance,2942098
Waco,TX,2020,Legal,1298088
Waco,TX,2020,Planning,886728
Waco,TX,2020,Human Resources,1372700
Waco,TX,2020,Municipal Information,862131
Waco,TX,2020,Information Technology,6119563
Waco,TX,2020,Purchasing,743973
Waco,TX,2020,Facilities,4390164
Waco,TX,2020,Police,41780736
Waco,TX,2020,Library,4137310
Waco,TX,2020,Parks,2481461
Waco,TX,2021,Administration,1860000
Waco,TX,2021,City Council,300000
Waco,TX,2021,Economic Development,330000
Waco,TX,2021,City Secretary,700000
Waco,TX,2021,Finance,2360000
Waco,TX,2021,Legal,200000
Waco,TX,2021,Development Services,2000000
Waco,TX,2021,Human Resources,1400000
Waco,TX,2021,Municipal Information,900000
Waco,TX,2021,Information Technology,6000000
Waco,TX,2021,Purchasing Services,1600000
Waco,TX,2021,Facilities,2750000
Waco,TX,2021,Public Works,3900000
Waco,TX,2021,Municipal Court,1400000
Waco,TX,2021,Animal Services,2000000
Waco,TX,2021,Emergency Management,600000
Waco,TX,2021,Fire,12000000
Waco,TX,2021,Police,15000000
Waco,TX,2021,Library,4760000
Waco,TX,2021,Parks and Recreation,1422576
Waco,TX,2022,Animal Services,21475000
Waco,TX,2022,City Council,0
Waco,TX,2022,City Manager,23750000
Waco,TX,2022,City Secretary,7000000
Waco,TX,2022,Community Services,20950000
Waco,TX,2022,Development Services,29000000
Waco,TX,2022,Economic Development,4300000
Waco,TX,2022,Emergency Management,6000000
Waco,TX,2022,Facilities,23500000
Waco,TX,2022,Finance,22675000
Waco,TX,2022,Fire,21500000
Waco,TX,2022,Housing,4200000
Waco,TX,2022,Human Resources,15950000
Waco,TX,2022,Information Technology,32000000
Waco,TX,2022,Inspections,26220000
Waco,TX,2022,Legal,11000000
Waco,TX,2022,Library,47625000
Waco,TX,2022,Municipal Court,14000000
Waco,TX,2022,Municipal Information,13000000
Waco,TX,2022,Neighborhood Engagement,2000000
Waco,TX,2022,Parks and Recreation,13158760
Waco,TX,2022,Police,37917500
Waco,TX,2022,Purchasing,8000000
Waco,TX,2022,Streets and Drainage,43355700
Waco,TX,2022,Traffic,20649500
Waco,TX,2024,Legal Services,92000
Waco,TX,2024,Development Services,470000
Waco,TX,2024,Public Safety,203711508
Wichita Falls,TX,2023,Public Information,0
Wichita Falls,TX,2023,City Recreation,0
Wichita Falls,TX,2023,Parks Maintenance,0
Wichita Falls,TX,2023,Street Maintenance,0
Wichita Falls,TX,2023,Sanitation,0
Wichita Falls,TX,2023,MPEC,0
Wichita Falls,TX,2023,Fleet Maintenance,0
Wichita Falls,TX,2023,Health,29685
Wichita Falls,TX,2023,Public Safety,2496615
Wichita Falls,TX,2023,Parks & Recreation,2841867
Yuma,AZ,2019,Mayor and Council,342500
Yuma,AZ,2019,Municipal Court,1956387
Yuma,AZ,2019,City Administration,3276305
Yuma,AZ,2019,City Attorney,1591893
Yuma,AZ,2019,Information Technology,3580971
Yuma,AZ,2019,Finance,2149220
Yuma,AZ,2019,Human Resources,1130065
Yuma,AZ,2019,Community Development,3453450
Yuma,AZ,2019,Engineering,379762
Yuma,AZ,2019,Parks and Recreation,8615528
Yuma,AZ,2019,Police,29830707
Yuma,AZ,2019,Fire,17549698
Yuma,AZ,2020,Mayor and Council,348362
Yuma,AZ,2020,Municipal Court,1904430
Yuma,AZ,2020,City Administration,3662554
Yuma,AZ,2020,City Attorney,1602318
Yuma,AZ,2020,Information Technology,3055907
Yuma,AZ,2020,Finance,2332525
Yuma,AZ,2020,Human Resources,1154821
Yuma,AZ,2020,Community Development,3468876
Yuma,AZ,2020,Engineering,380492
Yuma,AZ,2020,Parks and Recreation,0
Yuma,AZ,2020,Police,0
Yuma,AZ,2020,Fire,0
Yuma,AZ,2021,Mayor and Council,986004
Yuma,AZ,2021,Municipal Courts,2052520
Yuma,AZ,2021,City Administrator's Office,7573020
Yuma,AZ,2021,City Attorney's Office,1420766
Yuma,AZ,2021,Information Tech Services,3336181
Yuma,AZ,2021,Finance,2363057
Yuma,AZ,2021,Human Resources,1321894
Yuma,AZ,2021,General Government,1270150
Yuma,AZ,2021,Community Development,3551636
Yuma,AZ,2021,Engineering,486626
Yuma,AZ,2021,Parks and Recreation,6949131
Yuma,AZ,2021,Police,31713823
Yuma,AZ,2021,Fire,18604580
Yuma,AZ,2022,Mayor and Council,1331119
Yuma,AZ,2022,Municipal Court,2235171
Yuma,AZ,2022,City Administration,2943219
Yuma,AZ,2022,City Attorney's Office,1531422
Yuma,AZ,2022,Information Technology,4631399
Yuma,AZ,2022,Finance,2500951
Yuma,AZ,2022,Human Resources,1372287
Yuma,AZ,2022,General Government,21238817
Yuma,AZ,2022,Planning & Neighborhood Svcs,2001558
Yuma,AZ,2022,Building Safety,8269487
Yuma,AZ,2022,Engineering,395227
Yuma,AZ,2022,Parks & Recreation,7663730
Yuma,AZ,2022,Police,94536736
Yuma,AZ,2022,Fire,70784125
Yuma,AZ,2023,Mayor and City Council,1339110
Yuma,AZ,2023,Municipal Court,2492124
Yuma,AZ,2023,City Administration,3066963
Yuma,AZ,2023,City Attorney,1576221
Yuma,AZ,2023,Information Technology,5330875
Yuma,AZ,2023,Finance,2811777
Yuma,AZ,2023,Human Resources,1530396
Yuma,AZ,2023,General Government,8920869
Yuma,AZ,2023,Planning and Neighborhood Services,1893127
Yuma,AZ,2023,Building Safety,9467921
Yuma,AZ,2023,Engineering,330783
Yuma,AZ,2023,Parks and Recreation,8091508
Yuma,AZ,2023,Police,28658829
Yuma,AZ,2023,Fire,16565462
